,Chl_p100,Chl_p20,Chl_p40,Chl_p50,Chl_p60,Chl_p80,date
0,72.09021358052452,-1.4379908195163023,-0.44458847340697405,0.5216323149134411,0.5216323149134411,1.4181371640787799,2017-01-13
1,26.218199715919805,0.26508135966674445,0.7688176798877022,0.7688176798877022,1.214883541370556,1.214883541370556,2017-02-02
2,31.434241966507226,0.7712024045001645,1.2681578189222895,1.7550562660805284,1.7550562660805284,2.2073508700861115,2017-02-22
3,54.03186505647671,0.29164268041094266,0.7627455711473564,1.2647999477816583,1.2647999477816583,1.7358773864687662,2017-03-04
4,35.52500629042925,1.8845089944372457,2.3789068826633906,2.3789068826633906,2.624906073473464,2.868325402548603,2017-03-17
5,55.01505438913808,1.6485999903289374,2.496507202453321,2.496507202453321,2.496507202453321,2.496507202453321,2017-03-24
6,24.04377080725868,2.6313711068022863,3.1293912166412285,3.375869182442225,3.375869182442225,3.869604940610695,2017-03-27
7,44.9775473188189,2.284135976613207,2.7434454582197,2.7434454582197,2.7434454582197,2.7434454582197,2017-04-03
8,11.450132738143484,3.3168774608912157,3.4404886560971812,3.563310341365565,3.563310341365565,3.807627260547037,2017-04-06
9,28.568325262067294,3.384919175993808,3.631963429593245,3.631963429593245,3.873561655949587,4.112883507683774,2017-04-16
10,34.98672871206189,1.2719822881274556,1.7685258736014247,2.254245797536538,2.254245797536538,2.7346936695480317,2017-04-23
11,80.2889204056791,2.5559609752143637,2.5559609752143637,3.508879587360956,3.508879587360956,3.508879587360956,2017-04-26
12,30.924663001880926,2.6376345290609975,2.88025251637907,2.88025251637907,3.1195892076239984,3.1195892076239984,2017-05-03
13,8.797254291419659,3.2822054308714015,3.4686065217803437,3.5315143796148494,3.5936419146319025,3.718272804712027,2017-05-13
14,45.217777345375346,2.2761105066725853,2.2761105066725853,2.7523542625317665,2.7523542625317665,3.2153056303498504,2017-05-23
15,74.44186640317243,-0.5647310789455977,0.7715931282681827,0.7715931282681827,0.7715931282681827,0.7715931282681827,2017-06-02
16,8.551219043659717,3.6377143295245586,3.6377143295245586,3.8725300836626624,3.8725300836626624,4.097383825990748,2017-06-05
17,,,,,,,2017-06-12
18,54.277544976720456,3.8018545201994565,3.8018545201994565,4.207283340457001,4.207283340457001,4.207283340457001,2017-06-15
19,24.27806883642285,2.2896069190704096,2.2896069190704096,2.741776082742109,2.741776082742109,2.741776082742109,2017-06-22
20,6.174087760614895,3.4696161323123027,3.6570429734169934,3.7816015961432496,3.8434915715237508,3.9678732267699854,2017-06-25
21,23.828658756939376,3.6484295662957784,3.8881322678225376,3.8881322678225376,4.111965789051458,4.111965789051458,2017-06-30
22,29.20514639230741,2.888210975914136,3.1284896187597746,3.1284896187597746,3.1284896187597746,3.3612440588045205,2017-07-02
23,13.653712200677067,2.377230964783247,3.126935263340841,3.3777591060468377,3.8758807473396444,4.373571926880996,2017-07-05
24,64.40667903932446,2.2770217729333218,2.753640934479737,2.753640934479737,2.753640934479737,3.219764977673908,2017-07-07
25,6.571111440695074,3.1571038726414007,3.406959499690625,3.5313695596850976,3.5940657117977164,3.84312723217341,2017-07-10
26,92.14768904311956,1.6181103357071684,2.5516970077870473,2.5516970077870473,2.5516970077870473,3.2971196110248755,2017-07-12
27,7.056117263277043,3.315968381229157,3.5641753503401508,3.5641753503401508,3.687753662843288,3.810203267601987,2017-07-15
28,9.258876300461782,2.9384635486793083,3.3132887918609364,3.438084887039037,3.5629467970592392,3.9357400194987884,2017-07-20
29,41.37418222835398,1.617190296789581,2.5517843763291177,2.5517843763291177,2.5517843763291177,3.343618187311524,2017-07-22
30,34.70814778640398,3.5756664714774318,3.5756664714774318,3.5756664714774318,3.5756664714774318,4.2791373449370615,2017-07-25
31,24.51536015878218,1.282980495649226,1.7704607933637722,2.2472236076038805,2.2472236076038805,2.719458003721149,2017-07-27
32,7.609677524062517,3.1905685677419275,3.4394918466718374,3.5633243397421626,3.687085822685089,3.8102774959272208,2017-07-30
33,36.80134761405453,1.7775172372197905,2.2674356908100095,2.2674356908100095,2.7393829871061572,3.2088634401736056,2017-08-01
34,7.527446649012618,2.8149527130380805,3.1884369638626073,3.313142711887919,3.437848545423806,3.810518928451184,2017-08-04
35,21.06156580317298,1.633844761795245,1.8829881896923515,2.1283295228212094,2.3718425196489803,2.6146418342450137,2017-08-06
36,5.669670201161295,2.689794674269685,3.063720499431714,3.187610623177689,3.3112310801548257,3.5593360050544787,2017-08-09
37,28.71949884581322,1.7890776680649487,2.272533460331808,2.272533460331808,2.728022484202932,2.728022484202932,2017-08-11
38,7.177828166760885,3.1920546592804335,3.439354105075983,3.5630438168470997,3.5630438168470997,3.808299923673872,2017-08-14
39,25.002825308469703,1.2724150352344714,1.7686376129447787,2.2530653482490473,2.2530653482490473,2.7248304371644982,2017-08-16
40,16.47285671026512,2.388995842884388,2.630811303588564,2.630811303588564,2.86754616384404,2.86754616384404,2017-08-21
41,13.674307555320162,2.6314211652308512,3.1306474178065007,3.378491263318086,3.624888015000683,4.118034394440529,2017-08-24
42,25.975211334068895,1.7746322942250854,2.2585271207800464,2.2585271207800464,2.734168489230425,2.734168489230425,2017-08-26
43,12.647771434845255,2.883203639855724,3.3792680809206512,3.3792680809206512,3.625364274897853,3.8693183040933987,2017-08-29
44,27.101696001045816,1.2743912512952011,1.7647823951998733,2.252885264419456,2.252885264419456,2.734995296711746,2017-08-31
45,27.4380532880038,2.2878512160860764,2.7848223831340415,3.2428978584458217,3.2428978584458217,3.2428978584458217,2017-09-03
46,59.321354995213774,-0.39330747190201837,0.5455730419944533,0.5455730419944533,0.5455730419944533,1.3838731784129716,2017-09-05
47,68.07822201792897,1.5803250208470845,1.5803250208470845,2.468421457600108,2.468421457600108,2.468421457600108,2017-09-08
48,12.303868701048374,2.5667993316123723,2.8134703739510933,2.9370675841369183,2.9370675841369183,3.1826245870511447,2017-09-10
49,19.282202838873236,2.3830909349516456,2.879661517424304,3.1262971296660886,3.1262971296660886,3.6154585130629244,2017-09-13
50,55.49850189092478,1.5553456077857477,1.5553456077857477,1.5553456077857477,1.5553456077857477,2.3587071666567896,2017-09-15
51,94.34777784396516,1.6039078027462768,2.4722365969466646,2.4722365969466646,2.4722365969466646,2.4722365969466646,2017-09-18
52,13.651017029956735,2.6443263677756703,2.884411011729028,2.884411011729028,3.119455531243789,3.3545784651097956,2017-09-20
53,25.963526274107366,1.132193633035679,1.8775316628300271,2.1247036571795492,2.3739990055945692,2.620925055394213,2017-09-23
54,32.042615575659205,0.2765190053619614,0.7666885795976954,0.7666885795976954,1.235675916715527,1.235675916715527,2017-09-25
55,11.612959452356387,1.1881098667875236,1.812576587748551,2.063150615679695,2.311758905643144,3.0602611001249067,2017-09-28
56,18.193837500041273,2.1251199286975657,3.380248343537586,3.628346365710215,3.876414247568922,4.375859391707627,2017-10-03
57,39.99639523432975,-0.23385748143992896,0.7548440600076871,0.7548440600076871,1.2479616064856953,1.7360377391961113,2017-10-05
58,64.13350515466212,-0.4221275363000946,0.4893454526062784,0.4893454526062784,0.4893454526062784,1.3605415688453604,2017-10-10
59,56.08462615359934,0.7677425653523243,1.7609047154758877,2.256318116659013,2.746983718524211,3.233701852258295,2017-10-13
60,35.20933747488927,-0.43748299379912403,0.5400149004556157,0.5400149004556157,1.4769222425494655,1.4769222425494655,2017-10-15
61,44.57406350466268,-1.2255743442838811,-0.23644866890698238,-0.23644866890698238,0.249708943498127,0.7504023219895165,2017-10-18
62,39.11943693730938,-0.7358916275502795,-0.2428333330443221,0.24501673681278022,0.24501673681278022,0.7459042740124145,2017-10-20
63,80.27405649818859,0.5331267927439728,1.5037145026817893,2.507746030624279,2.507746030624279,3.544278865920026,2017-10-25
64,68.7835566715252,-1.438714616461304,-0.4797995226083659,-0.4797995226083659,-0.4797995226083659,0.444244075212366,2017-10-28
65,30.062651882259374,1.2708648901140072,1.7504100380664591,1.7504100380664591,2.22749930077609,2.7098799897587647,2017-10-30
66,43.74904761444699,1.274912251677741,1.274912251677741,1.7564822042020978,1.7564822042020978,2.2287429438311137,2017-11-07
67,53.55631892785185,0.7848543714405058,1.7607333195141586,1.7607333195141586,2.2474697360135796,2.7314200029339664,2017-11-09
68,38.68820020930448,0.785348388764604,1.2690678383889653,1.7418639886260532,1.7418639886260532,2.2005989042544147,2017-11-14
69,42.903213773968204,-0.7201869930690236,0.2628861294831204,0.2628861294831204,0.733167872970435,1.2423291997749033,2017-11-19
70,54.27925403364771,-1.2371675018816135,-0.23876191444466632,0.24752432345060113,0.24752432345060113,1.2405686007797585,2017-11-22
71,46.76462266577789,0.2659117529670367,0.7600471753253818,0.7600471753253818,1.2455897537993614,1.7240141774670936,2017-11-29
72,36.081474589854835,-1.7352317059437212,-0.7429289016757121,-0.2459744510616523,0.24753827265624104,0.742794445129003,2017-12-07
73,31.13950674701907,-0.7298257288101642,0.2752191563081527,0.2752191563081527,0.7256008522478632,1.2433649901631971,2017-12-09
74,41.28656072103254,-0.23878106718941897,0.2618608927298238,0.7466799146584127,1.25482540659827,1.7289212571695096,2017-12-12
75,44.9514734623117,-1.2264170116843247,-0.24151817111366,0.25001910476952305,0.25001910476952305,1.2338298556003133,2017-12-14
76,16.42599577616352,2.1337429949768776,2.3794476309571353,2.6228433600853793,2.6228433600853793,3.1119072600680306,2017-12-17
77,46.5389849752604,-1.452500071171723,-0.4613112348397333,-0.4613112348397333,0.48264466484758156,0.48264466484758156,2017-12-27
78,55.78483381453781,-1.456666853522614,-0.46305230299524897,-0.46305230299524897,0.4857095673454643,1.4090059249553828,2018-01-01
79,34.82131373712714,-1.7487855190108241,-0.7390352464470021,-0.7390352464470021,-0.2526830506868645,0.7401906271944401,2018-01-06
80,20.498563407887772,1.6301615496525041,2.1239653213832526,2.3766307567843468,2.619304840308823,3.116562776319618,2018-01-31
81,6.347769250087212,3.15738207120036,3.3431923928372314,3.4062111615538915,3.4685006855802922,3.592696058081139,2018-02-05
82,31.99692813221331,-0.4114486931613204,0.5136819107954406,0.5136819107954406,0.5136819107954406,1.3876913960674844,2018-02-12
83,33.29595778126011,1.2750413228935509,1.766175629534718,2.249144671113006,2.249144671113006,2.7247778271878462,2018-02-25
84,42.36151110241509,0.7699064006531562,1.2598655956840512,1.2598655956840512,1.7483331830657205,2.227919771490469,2018-03-12
85,76.25663597071706,0.5862802223136053,1.4652032263208083,1.4652032263208083,2.4405353383857387,4.503256333142882,2018-03-24
86,38.15620892166259,1.271065512029317,2.262628236042138,2.262628236042138,2.7510747055270866,3.2311737247666743,2018-03-29
87,7.9654117050372,3.720483277194548,3.844480867981081,3.844480867981081,3.905941794687844,4.0298189905845705,2018-04-01
88,87.2659356213572,-0.404116314360192,0.5350612518675745,0.5350612518675745,0.5350612518675745,1.3879897652086346,2018-04-03
89,25.54155742309604,3.3877114913557635,3.3877114913557635,3.62229935631461,3.62229935631461,3.854386613185188,2018-04-06
90,25.893801344141835,2.38220067874661,2.877541331355381,2.877541331355381,3.121472462069342,3.361456076605291,2018-04-08
91,5.8590840687579675,3.4533312298362864,3.5785549052597196,3.640329908069277,3.671578787081835,3.796795377220655,2018-04-13
92,13.870701380619497,2.394153782829458,2.6334216021133594,2.6334216021133594,2.8653794773399204,2.8653794773399204,2018-04-18
93,18.831326761311633,2.6307222619524744,3.1287677531602838,3.3798145249845826,3.6256056548349003,4.121079873587461,2018-04-21
94,54.123819200723204,1.2775325152434271,1.7588243772668073,1.7588243772668073,1.7588243772668073,2.2230470221698035,2018-04-23
95,27.590264139934806,3.7905529578884103,3.7905529578884103,3.7905529578884103,3.7905529578884103,4.15261821429379,2018-04-26
96,53.69172721812402,1.2902977392011068,1.7695084916613941,1.7695084916613941,1.7695084916613941,2.2213679179466674,2018-04-28
97,7.159493305279955,3.4693963051852195,3.719067616026084,3.781719433006502,3.9060711454236885,4.032823575631978,2018-05-01
98,7.007213645884803,4.109505125128437,4.359922444838632,4.4217625094978725,4.484083198383669,4.669958410912151,2018-05-03
99,6.341959241108001,3.3171570236217787,3.4402354599376808,3.5631362941119153,3.5631362941119153,3.806969095994172,2018-05-06
100,15.965911411168591,1.8824296969695333,2.3783697850658636,2.6255494537351964,2.6255494537351964,3.1157454719206927,2018-05-08
101,8.458107768502778,3.3852481447203417,3.6278809388292927,3.6278809388292927,3.6278809388292927,3.864703835228386,2018-05-11
102,30.46339250804446,1.2694280131842508,2.26067393343706,2.26067393343706,2.750447598666517,3.23396248274403,2018-05-13
103,16.093594300745636,3.3931985765817805,3.6351551757529994,3.869328603554496,3.869328603554496,4.10475135212025,2018-05-16
104,5.004171056795765,3.3912135467404276,3.4844413459573653,3.546889029612988,3.5778938734855688,3.7027786501667395,2018-05-23
105,25.993420303746674,3.2827030364958407,3.763188199301608,3.763188199301608,3.763188199301608,4.210134383543375,2018-05-31
106,80.35570471489305,2.2777412755717332,2.2777412755717332,2.7513877881461295,2.7513877881461295,3.2073414144559957,2018-06-02
107,14.06688182287811,3.567310102857647,3.690304338422856,3.812050847642709,3.812050847642709,3.9340174808640183,2018-06-05
108,31.55563090090237,2.385631528847272,2.6316983147449737,2.8748287779807753,2.8748287779807753,3.1151600954440166,2018-06-07
109,8.879402196192327,3.065109151839826,3.4386084750132833,3.56334890941955,3.6872525829850793,3.811110493148741,2018-06-10
110,34.86697078693852,2.6348893551051127,2.6348893551051127,2.6348893551051127,3.2978972739452406,3.2978972739452406,2018-06-12
111,6.371167949606219,3.0660996151915096,3.4388103930712224,3.4388103930712224,3.56242206791544,3.808827241053017,2018-06-15
112,56.625873332437905,1.7946917120791348,2.2770007092514217,2.2770007092514217,2.732361590163642,2.732361590163642,2018-06-17
113,41.20730476370105,2.792973018763483,3.2638000190398837,3.2638000190398837,3.2638000190398837,3.7053489524486904,2018-06-20
114,24.54323018432798,1.7825002019281742,1.7825002019281742,2.2421870674506894,2.2421870674506894,2.2421870674506894,2018-06-22
115,6.681832931867458,2.8448524871638536,3.28109170555992,3.469079639009601,3.5937405589740568,3.906273365890686,2018-06-25
116,27.77038925297166,1.8863270878862703,2.378657353695775,2.378657353695775,2.6240868749551125,2.8675234943845003,2018-06-27
117,12.834927831743665,2.9393643792667863,3.314125820608482,3.4380547740131315,3.5629946772760857,3.810872449012955,2018-06-30
118,31.66818131026154,1.7976938074147513,2.259738581268864,2.259738581268864,2.259738581268864,2.701349316776181,2018-07-02
119,6.673313012941821,3.5669796161252676,3.69017964387348,3.8133195538473297,3.8133195538473297,4.056649102845833,2018-07-05
120,26.87468778394332,1.7912790586268068,2.26146352070187,2.26146352070187,2.26146352070187,2.708969111381033,2018-07-07
121,6.895946246755488,3.2822343653585477,3.469493728708363,3.5317790349816645,3.656171224844171,3.780519651645629,2018-07-10
122,59.72751440012105,1.6520116210622653,2.517486854496867,2.517486854496867,2.517486854496867,2.517486854496867,2018-07-12
123,7.127520612655359,2.6309143918490636,3.1305536726388827,3.377961482656102,3.624572026727285,3.86893288353554,2018-07-15
124,30.05858823687867,1.1312753670069362,1.3785330259448014,1.627225762563856,1.627225762563856,1.866370048875405,2018-07-17
125,6.670720982942768,3.191413593012203,3.439489966209119,3.562841020203733,3.562841020203733,3.808715878920757,2018-07-20
126,19.731546471387215,2.3886781538253503,2.6334343505233977,2.8730323676358855,2.8730323676358855,3.1086002769567616,2018-07-22
127,8.917189102554472,2.8876817415412193,3.130943754117071,3.130943754117071,3.374036006847948,3.6104302768595335,2018-07-25
128,17.569734325532487,0.882113751823356,1.6298005629611585,1.8760283524891204,1.8760283524891204,2.365241403422225,2018-07-27
129,8.481147047561425,2.6896698418753124,3.0646536114099603,3.313242493539834,3.4370161771870538,3.6855223370309003,2018-07-30
130,22.937328003723447,0.6320859240608648,1.1290284972349647,1.3783942592801246,1.6239422793667198,1.8702516692944744,2018-08-01
131,46.031565279427575,0.7613924529269842,1.7573426579486826,2.257860360649406,2.755149923420269,3.7336996072678295,2018-08-04
132,53.43123425846992,0.780622413634352,1.271652074519264,1.7520076831379134,1.7520076831379134,2.220276618978438,2018-08-06
133,7.98404808543272,2.3814560627107513,3.1279962953554223,3.1279962953554223,3.37586514452005,3.8680711600629043,2018-08-09
134,33.040270258505195,0.7710050108143398,1.7556020393253688,1.7556020393253688,2.239179845113177,3.232527004808392,2018-08-11
135,7.351725387015737,2.563461883111712,3.063419915527725,3.1880054917198826,3.3124243277930994,3.6856815408501187,2018-08-14
136,30.854246278128503,0.7871909470027909,1.2699573773954835,1.7433177516062408,1.7433177516062408,2.214427090866088,2018-08-16
137,8.2452582036325,2.381255344518676,2.8795842173406583,3.127445838818472,3.374135995984613,3.621294308814763,2018-08-19
138,19.082912195725825,0.7752030929738013,1.270428763811758,1.7522504000250712,1.7522504000250712,2.231100329878978,2018-08-21
139,9.717236080260362,2.815862483161244,3.064274211348673,3.1885109136096497,3.312022795948208,3.5586054735456467,2018-08-24
140,28.93137827183449,0.7788118982228426,1.2646022854007855,1.746413099271153,1.746413099271153,2.218739505715578,2018-08-26
141,6.301236432408291,2.1891560440785716,2.5640857877394874,2.81241573296247,2.937078743049941,3.310064690457886,2018-08-29
142,51.57929748005151,0.7731118977056624,1.2637380663120392,1.7465399740668492,1.7465399740668492,2.2215596097722936,2018-08-31
143,10.227515790025596,2.564902612832571,2.9391737204064694,3.0633568348978772,3.18733000032308,3.4348592181403097,2018-09-03
144,44.71182309144025,1.7827591646898893,2.260248977125066,2.260248977125066,2.260248977125066,2.720515136695897,2018-09-05
145,16.009612790597437,2.135296201446869,2.6299871182400696,2.876852694647224,2.876852694647224,3.3652326669336645,2018-09-08
146,36.20454317296221,0.7727207397207186,1.756525848871131,1.756525848871131,1.756525848871131,2.2364886389503744,2018-09-10
147,42.29277278621388,0.7603312993912154,1.761541707351565,2.2574559260907052,2.75212728447984,3.2425932136014337,2018-09-18
148,35.25724337895231,0.2624631168884029,1.2595991574227667,1.7487227966762615,1.7487227966762615,2.7284451082823464,2018-09-20
149,38.6259287964899,1.2789534792816732,1.7723291509991161,2.2542319972196188,2.2542319972196188,2.7247532974758824,2018-09-23
150,36.20858620704682,0.7702180828731998,1.2598981705705548,1.2598981705705548,1.7413984229826762,2.218142586020252,2018-09-25
151,23.615553068941853,1.2681379929370173,1.7650216279190127,2.256482241583019,2.750050492421604,3.2309558989866587,2018-09-28
152,26.682024698980296,0.2739514802159021,0.7620131159187115,1.245890376746162,1.245890376746162,1.7236034499646087,2018-10-03
153,20.419335652367923,0.7769411254169879,1.2659736028464261,1.2659736028464261,1.743631660472708,2.215018803198099,2018-10-05
154,34.843874359112164,1.2721399230446686,1.7627033871608695,1.7627033871608695,2.244605218979186,2.7188808612387882,2018-10-08
155,30.502444313373214,0.26826116594551996,1.255661895590351,1.255661895590351,1.7407012541264517,2.7222434492365144,2018-10-10
156,15.033612019297708,1.2749817867212632,1.7511669408406767,1.7511669408406767,2.225249007834391,2.721518853864389,2018-10-13
157,21.884132749072926,0.3838420512053032,0.8761700415621949,1.1247966909340184,1.376682890876476,1.8695808012646722,2018-10-15
158,10.34522301526454,3.189391363013062,3.688555599005074,3.813667551047025,3.9372480494337276,4.184659574856049,2018-10-18
159,7.224684062404697,1.8885949024400206,2.1307732246258175,2.3729299173958203,2.3729299173958203,2.6124331674564285,2018-10-20
160,49.77870656477216,-0.7340001074318443,0.2600528485803924,0.7519634438712587,0.7519634438712587,1.7305651345816992,2018-10-28
161,22.769943508722637,0.771451548197643,1.2532419481237316,1.2532419481237316,1.2532419481237316,1.733485562262218,2018-11-02
162,35.712093582353944,1.7616619280002457,2.74842211420292,3.253550247829615,3.760358444583932,4.257044796711107,2018-11-04
163,44.665993479838455,0.7724364178346967,1.262224487030107,1.262224487030107,1.7398293314935063,1.7398293314935063,2018-11-07
164,15.381450906869082,0.2680938010261416,0.7577709198213094,1.2454606759400912,1.2454606759400912,2.218474113999894,2018-11-12
165,34.94250127296784,-0.7375014692178721,0.2580529419120617,0.753129458406468,0.753129458406468,1.7373147373827844,2018-11-22
166,18.63584430258177,3.835469162151641,3.835469162151641,3.835469162151641,4.167355828322645,4.167355828322645,2018-12-12
167,34.75425717902093,-0.7151213519909387,0.2671811129368619,0.7340257505128785,0.7340257505128785,1.244255625114696,2018-12-14
168,45.63898362102739,-0.23639274848899644,0.25753306188915137,0.7494853642816869,0.7494853642816869,1.2420187217053575,2018-12-22
169,44.31516507891186,-0.7439664948506621,-0.24542328219846718,0.25725230710764696,0.25725230710764696,1.2453435730290645,2018-12-24
170,27.248550917735372,-0.23278959087686482,0.2643039399141213,0.7540673830569952,1.2446510288655093,1.7238728481077843,2019-01-01
171,56.613982151946075,-2.4594592860312954,-0.47578021224222306,-0.47578021224222306,0.505230963967338,1.4532120060322158,2019-01-06
172,31.893949994521776,-1.236004774196934,-0.2490317959551407,-0.2490317959551407,0.24328699352117478,0.7053800242448466,2019-01-18
173,28.932829718846286,-1.2397197229708423,0.25989346366805954,0.7538632117744488,1.245730624258259,2.743709442254839,2019-01-21
174,31.31153129384235,-1.4366928809577428,-0.45686494805505784,-0.45686494805505784,0.4769816640111617,0.4769816640111617,2019-02-02
175,13.263481730273018,1.134018561493443,1.629455288903767,1.8770430257807529,2.1238531754984815,2.3659439302982856,2019-02-05
176,51.78551585841936,-0.2273648511030413,0.26133826122378007,0.7460646040043347,0.7460646040043347,1.2247206910788841,2019-02-12
177,7.916834280153283,3.779380753558362,4.219198049974398,4.405665548812536,4.5316761249281905,4.779278014356051,2019-02-20
178,28.114094075480757,0.38655594499240675,0.8803783103373346,1.1340858151050568,1.3721506807013615,1.6237956777448863,2019-02-22
179,17.57481032160079,2.3770862720412542,3.6326138554029934,3.882736301889918,4.131781958165728,4.371461452458213,2019-03-04
180,45.11439998499961,-0.7268841298033853,-0.23978825576334295,-0.23978825576334295,0.25909484324357474,0.7257951406030161,2019-03-07
181,64.77853186515314,-0.4160455980905267,-0.4160455980905267,0.4825077137624616,0.4825077137624616,0.4825077137624616,2019-03-09
182,83.2996017422208,1.5927352519872258,2.508297052700004,2.508297052700004,2.508297052700004,3.323180264776898,2019-03-17
183,51.52810137164953,0.3006163689563417,0.7775566147624049,1.2397614864128477,1.2397614864128477,1.7254037585969637,2019-03-19
184,20.238598055795826,1.878260653059087,2.6293877816220776,2.877821033957615,3.1253433600609486,3.622433907172673,2019-03-22
185,45.584194433056346,0.7629616725889466,1.7577579151770983,2.2537408722498977,2.2537408722498977,3.2358683022369066,2019-03-24
186,7.426361692739122,3.5693510080908295,3.691216423611866,3.811278775822046,3.811278775822046,3.9314286580260434,2019-04-26
187,25.704280839430623,3.1928914607153325,3.4383828664215517,3.4383828664215517,3.5605561264689074,3.684109964233967,2019-04-28
188,25.78637238672599,3.285263637459574,3.7620835396033767,3.7620835396033767,3.7620835396033767,4.202181336241939,2019-05-01
189,59.76198830532889,1.7848251819627539,2.266353573740634,2.266353573740634,2.7375550310579873,2.7375550310579873,2019-05-03
190,19.25446743661132,3.133675475289607,3.62766996720243,3.62766996720243,3.8695781264777005,4.113880985401946,2019-05-06
191,37.93289236649406,2.2909218888081226,2.7663777225705957,2.7663777225705957,2.7663777225705957,3.2112042007786794,2019-05-08
192,24.417648918892887,3.1343710001353666,3.385269490905186,3.6289150612243173,3.8692308474309436,4.110650477755661,2019-05-11
193,36.13743671453327,2.293580971255748,2.763189576773933,2.763189576773933,2.763189576773933,3.199729439994519,2019-05-13
194,8.765448299189035,3.6577035537752174,3.906989081477216,3.9693798896224592,4.030630519902329,4.217972774114476,2019-05-16
195,64.18317337561432,1.7753661400867498,2.2534354723876393,2.2534354723876393,2.2534354723876393,2.723496762359981,2019-05-18
196,6.177139068945504,3.6408659749131007,3.828111785128601,3.9220872489604415,3.9845154700303325,4.140507550327214,2019-05-26
197,6.286288392067493,3.4845747063353163,3.5783311749960234,3.6406784498654896,3.671783012262347,3.7965489370385725,2019-05-28
198,16.051652574972753,3.4404840483517436,3.5650491587385544,3.6883232437917193,3.810964064735732,3.9340606434565033,2019-05-31
199,31.544857151587117,2.2838084465710025,2.756029472510678,2.756029472510678,2.756029472510678,3.2127109806863565,2019-06-02
200,5.928754446244042,3.6573104048494027,3.84454654101258,3.9063085075346176,3.9687487317714214,4.0931892328309125,2019-06-05
201,51.23515108636493,1.4552049792106838,2.6001615824644326,2.6001615824644326,2.6001615824644326,2.6001615824644326,2019-06-07
202,15.347343583321694,2.1275454843526846,2.8794683340477154,3.128655489969236,3.375141122058562,3.86715194817768,2019-06-10
203,48.17867579412453,2.310803950354977,2.7342574431920923,2.7342574431920923,2.7342574431920923,2.7342574431920923,2019-06-12
204,7.98795726622767,3.0643135701576933,3.3139377466914657,3.4387318125101345,3.5625649274304627,3.8107445010116154,2019-06-15
205,29.30878294849391,1.792621744128239,2.2670172698054274,2.2670172698054274,2.2670172698054274,2.710735044765244,2019-06-17
206,5.868269446723051,3.1899168636275914,3.3148296162064224,3.4384702654092094,3.5618541482721717,3.6855421178381262,2019-06-20
207,24.530994317676218,2.39024730973617,2.634292328581799,2.8718115269200752,2.8718115269200752,3.1082779436413572,2019-06-22
208,7.05813498763939,3.441470114193628,3.689052814659948,3.689052814659948,3.811863341861338,3.9348403867317496,2019-06-25
209,18.11052628748893,1.6333924960444923,2.1312422335427756,2.3771725820812604,2.3771725820812604,2.864912955497008,2019-06-27
210,11.475804969830765,2.632018396507575,3.1291111480666096,3.3791232415044687,3.624795188836116,3.869391085811639,2019-06-30
211,46.71685083319915,2.2870817618275607,2.2870817618275607,2.7405556746315543,2.7405556746315543,2.7405556746315543,2019-07-02
212,6.341401553631953,3.3445876766294638,3.5941301186229033,3.718990239119438,3.7813645506669853,3.9681659228673873,2019-07-05
213,21.815351051073073,1.8851492106417276,2.380203685935654,2.6260587165761033,2.6260587165761033,2.8689624795060964,2019-07-07
214,9.081394296591712,3.190549408379056,3.4396697891683115,3.563383633112323,3.6870466587184993,3.9338438428002043,2019-07-10
215,37.950096379997966,1.7700242713729313,2.2656623797727637,2.7506986637687336,2.7506986637687336,3.228792128550376,2019-07-12
216,5.735861179476601,3.0940040926580386,3.3442842417497856,3.4064195891000475,3.5310747583443876,3.717894696646417,2019-07-15
217,6.7816670258077965,3.0657513946009245,3.437860513128839,3.437860513128839,3.5623932565782366,3.810306399124008,2019-07-20
218,33.590008723328346,2.2812234344987736,2.759384789778489,2.759384789778489,2.759384789778489,3.220556780723698,2019-07-22
219,7.701769110067515,2.6332897941918367,3.128574535752614,3.377915043728031,3.6245927115047514,3.870565160004524,2019-07-25
220,54.07255255252029,1.6302704937588268,2.5108500475154036,2.5108500475154036,2.5108500475154036,2.5108500475154036,2019-07-27
221,26.065652907762058,2.7990520116341764,3.27542992758746,3.27542992758746,3.716341782853946,3.716341782853946,2019-07-30
222,31.588453650847654,1.6341217799731105,2.1287580467984712,2.1287580467984712,2.373940875177787,2.6180817661444133,2019-08-01
223,6.864214392688442,3.2195687828596484,3.5315545580528838,3.594049858930369,3.718983781434603,3.968002535898142,2019-08-04
224,23.730352552496296,1.2740431313963383,2.263943394169789,2.263943394169789,2.7476934266691853,3.2223454103556137,2019-08-06
225,7.731949132062103,3.3164777014489104,3.5645055574672133,3.6877524506542216,3.6877524506542216,3.9338216590756123,2019-08-09
226,24.12223771495603,1.7868512869716981,2.2729515586041598,2.2729515586041598,2.737087746551799,2.737087746551799,2019-08-11
227,10.83778604428145,2.8852988154373262,3.132329975107829,3.3766985014200372,3.3766985014200372,3.618505983323725,2019-08-14
228,20.88218418958606,1.2769268335546857,1.2769268335546857,1.7458521425967293,1.7458521425967293,2.203939903222135,2019-08-16
229,10.288620246798047,2.128444970661971,2.878362230210027,3.3771710186309387,3.6251844372572917,4.12266851120905,2019-08-19
230,24.414746194287247,1.3814553957082363,1.8795335436836953,2.1289819502686664,2.3740195891568807,2.86638064490575,2019-08-21
231,8.608877834871922,2.6329875917089924,2.879961842762186,3.127222231549379,3.127222231549379,3.6167297721031484,2019-08-24
232,35.72006697405517,1.296349354635297,1.7724469863055965,1.7724469863055965,2.2315462655242575,2.2315462655242575,2019-08-26
233,22.183889373260193,2.381232909162715,2.880559926463828,3.12590161356345,3.12590161356345,3.617097995544843,2019-08-29
234,50.18646572042147,1.3551985645348716,2.796697367297582,2.796697367297582,2.796697367297582,2.796697367297582,2019-08-31
235,15.509854482749684,2.4387667471717966,2.9384812938250664,3.062635290039218,3.1873412583447176,3.5602456050447167,2019-09-03
236,25.379442324209837,1.2796055434443676,1.7594212633021014,1.7594212633021014,1.7594212633021014,2.2285688725855177,2019-09-05
237,25.921637053789194,1.764165390477337,2.7583671781011523,2.7583671781011523,3.2497185839909224,3.7401730656352954,2019-09-08
238,141.11800739383764,1.225405852623312,1.225405852623312,1.225405852623312,1.225405852623312,1.225405852623312,2019-09-10
239,16.63584942910372,1.7634707287309574,2.2481432734754883,2.748746831066967,2.748746831066967,3.7350568514934395,2019-09-13
240,28.057839761076842,1.2720031345366198,1.7649519271496312,2.2522310619647175,2.2522310619647175,3.2190722079576632,2019-09-15
241,35.36134005603266,1.7816332777226884,2.2676442204973233,2.2676442204973233,2.73175689120353,2.73175689120353,2019-09-18
242,24.286523090198948,1.7810597623290276,1.7810597623290276,2.2255608485938976,2.2255608485938976,2.2255608485938976,2019-09-20
243,27.81145859532146,0.7801643408290816,1.2665949472915283,1.7493003023085851,1.7493003023085851,2.2227586370352808,2019-09-25
244,30.848432191736446,1.77962823282602,2.2645061203512777,2.2645061203512777,2.738731243873773,2.738731243873773,2019-09-28
245,103.90872170951577,-0.4211614635307964,0.4968396079128661,0.4968396079128661,0.4968396079128661,1.368767422159751,2019-09-30
246,42.98214715891015,0.7773034603331412,1.2689480798443828,1.75366024620636,1.75366024620636,2.2290785892489047,2019-10-03
247,37.350327547126504,0.7703799820460974,1.2598412884227421,1.2598412884227421,1.7423062275317591,2.220782664555419,2019-10-05
248,5.9881737552041585,3.2820796661670255,3.469482885179153,3.5314181098839517,3.5934527051381364,3.7176061830482072,2019-10-10
249,26.519162205935515,0.7655010695241158,1.759070318839757,2.257893889163861,2.751300726195182,3.23991034670733,2019-10-13
250,27.366625945014583,0.7723768188299681,0.7723768188299681,1.2443986479901057,1.2443986479901057,1.715692245044432,2019-10-15
251,6.662948351494659,1.3143926295977093,1.5638843630879349,1.6891135554940457,1.8104412643442775,2.183164552155455,2019-10-20
252,44.58482849010001,0.593654813774195,0.593654813774195,1.440039713722219,1.440039713722219,1.440039713722219,2019-10-25
253,32.331267575041835,0.7684972651963307,1.2582400346704816,1.7484508248541828,1.7484508248541828,2.2366092132377755,2019-10-28
254,22.377295412848316,0.773339902364421,0.773339902364421,1.2447119709432313,1.2447119709432313,1.7077216506490622,2019-10-30
255,6.104393651489093,2.640234206352342,2.8829372872782155,3.122492836629638,3.122492836629638,3.610617262979023,2019-11-02
256,43.345299894032436,-0.23241542977307492,0.26260469921537194,0.7484342050997712,0.7484342050997712,1.2338515114676878,2019-11-04
257,21.731045123027133,1.2718045723865454,1.7582000082494857,1.7582000082494857,2.2407815189255995,2.2407815189255995,2019-11-07
258,42.1703759766278,0.7718618481599997,1.247491611397431,1.7299033017545402,2.22413879981906,3.7591230165747653,2019-11-09
259,17.87925742989334,1.1343880707653766,1.6350508306294855,1.8787267827706058,1.8787267827706058,2.361481661626033,2019-11-14
260,19.68925929770534,0.780238302758712,1.2596511709331515,1.2596511709331515,1.2596511709331515,1.7234574498428925,2019-11-19
261,15.835397053561222,0.38218818503966484,1.1279371758820662,1.3760789269754339,1.6222154647394036,2.6191219916160517,2019-11-27
262,47.15056495907946,-0.22235263927085724,0.2569270504236901,0.7636841433646353,0.7636841433646353,1.2402096800316216,2019-11-29
263,47.73515907477167,-0.23490569086425395,1.2532277243438148,1.2532277243438148,1.743925511726837,2.725102707614759,2019-12-02
264,38.74797132070081,-0.7235888399333754,0.2542428222466525,0.2542428222466525,0.7452934790160141,1.231475687570511,2019-12-04
265,35.751376475661175,-0.2370369087820852,0.27818127692346967,0.7428431322689967,0.7428431322689967,1.7098367883152865,2019-12-09
266,28.519961642978167,0.2700761162154458,1.2577904285785975,1.2577904285785975,1.7374857789400593,1.7374857789400593,2019-12-12
267,27.283061720931983,0.26552720594839585,0.761437877469152,0.761437877469152,1.2485793067900983,1.7317031414203221,2019-12-17
268,37.19900119380004,0.26432255971193364,0.7692581411132301,0.7692581411132301,1.241314904227688,1.7168188296524958,2019-12-19
269,39.67321993550636,-0.23949001906165332,0.7514817130234911,1.2470809536295,1.7399957834070072,3.7678751470112,2019-12-27
270,8.813918985471116,3.7819707970711542,3.9693007549829273,4.0311345768356555,4.093343382905507,4.343750194469407,2020-01-13
271,47.150562357169626,-0.22564603845146528,0.2555152828544506,0.7702918228549834,0.7702918228549834,1.22868169519861,2020-01-23
272,25.392031766893002,1.6363153087701325,2.130135917436789,2.130135917436789,2.372420936509339,2.6183864162263024,2020-01-26
273,22.068867599530908,1.1344130213691213,1.627853847558214,1.873093498519631,2.1167243526373576,3.3768445876102477,2020-01-28
274,77.48085559069389,-0.43301935364126454,0.5283264194041448,0.5283264194041448,0.5283264194041448,1.4473408238149286,2020-01-31
275,31.24234450326826,0.7709042416099869,1.2593978038708047,1.7483856447427195,1.7483856447427195,2.7173330556842945,2020-02-05
276,46.80287578797029,1.2743880025235825,2.2447277647918433,2.2447277647918433,2.7222915611511724,3.226413173530592,2020-02-10
277,29.302165341951156,-0.22419208603590485,0.2579751264679408,0.7623084159296314,0.7623084159296314,1.2233114773420812,2020-02-12
278,43.97213715449229,1.2669508806712197,1.7452325368494899,1.7452325368494899,2.2243999247407378,2.7173552203617897,2020-02-20
279,53.257397458717165,0.568082725426807,1.4926304093289884,1.4926304093289884,1.4926304093289884,2.3662824688757915,2020-02-25
280,99.62439282569831,0.5809245857707409,1.5460057457237815,1.5460057457237815,2.465028628205083,2.465028628205083,2020-03-01
281,32.241051411035144,0.7761429217395862,1.7581461796290185,1.7581461796290185,2.2405434737314045,2.722131426117603,2020-03-03
282,47.39029581469005,0.2822882370162906,1.257210535471924,1.257210535471924,1.7535762818830531,2.237360136954631,2020-03-06
283,35.03939689105677,1.7733468823421803,2.2656882917658576,2.2656882917658576,2.747082267708935,3.217077197503597,2020-03-13
284,31.70604614256898,-0.23968940184698526,1.265179770529628,1.7577369485455725,1.7577369485455725,2.7323999706386086,2020-03-18
285,42.61206262424992,1.7676648446561423,2.760981398668939,3.255323636206307,3.255323636206307,3.7403833302924494,2020-03-21
286,8.558179185898746,3.190555332503839,3.3143298282228484,3.4377931618653768,3.4377931618653768,3.68271713303818,2020-03-23
287,31.499357621461336,1.7804065371034206,2.2487828731965958,2.2487828731965958,2.2487828731965958,2.6893550002939786,2020-03-28
288,21.196896771487957,2.8821803750004498,3.381496630184892,3.6292169663394924,3.875713125077826,4.120503178376422,2020-04-10
289,80.75583763192728,1.6929157011955729,2.4366000349577885,2.4366000349577885,2.4366000349577885,2.4366000349577885,2020-04-12
290,7.588517531415264,3.469922234964516,3.5947181736473244,3.6564810896430524,3.718673485602815,3.842812892722285,2020-04-15
291,75.7913262393603,1.5914844140709083,2.5063116671522816,2.5063116671522816,2.5063116671522816,3.327914439348,2020-04-17
292,8.102188051964959,3.4694006481897084,3.78163050198606,3.843819291823893,3.968709311663124,4.156386138581658,2020-04-25
293,65.32223512811225,1.643698148423314,1.643698148423314,2.3669302835126262,2.3669302835126262,2.3669302835126262,2020-04-27
294,11.000126539271491,3.190298237947782,3.5644444264450135,3.688589307580188,3.8126489559014303,4.060982279704455,2020-04-30
295,13.776098444306408,3.1384343959518075,3.382962190750451,3.382962190750451,3.622579547068428,3.622579547068428,2020-05-02
296,26.286101166723075,2.6305610520023204,3.3789807185108867,3.6255861660161393,3.6255861660161393,4.1204824243346545,2020-05-05
297,43.39321908105182,1.7859760093542654,2.2723709735447533,2.741210273685466,2.741210273685466,2.741210273685466,2020-05-07
298,9.805824521618515,3.219978592245135,3.4066848996136785,3.4687919680847217,3.5303880388196514,3.6543224766253903,2020-05-12
299,6.029695131512765,3.734858468268114,3.8596695854621363,3.8905745010601396,3.9528854171392322,4.045997008718706,2020-05-15
300,5.451754822337819,3.6410088671137064,3.796929987328435,3.859451677718003,3.9218076861053186,4.045767151053691,2020-05-20
301,6.391517024621476,3.2818048026420934,3.469366300194806,3.593781830799578,3.6560251939781216,3.8429237312644164,2020-05-25
302,7.273418311579018,3.657421079545329,3.8445351342321645,3.9066130553701854,3.968716478846737,4.092455693954677,2020-05-30
303,20.636135695463658,1.8863442265345638,2.378000534788535,2.378000534788535,2.6208682208809444,2.863071701395074,2020-06-01
304,6.254646102431533,3.5677875417630696,3.8140320031443604,3.8140320031443604,3.9361587537470775,4.0575673945102375,2020-06-04
305,8.185421760869945,3.5953282362010257,3.7818041233950215,3.8435628263228367,3.8435628263228367,3.967705310236814,2020-06-09
306,29.476546004018182,2.286181543894626,2.770144955299951,2.770144955299951,2.770144955299951,3.2200669266470183,2020-06-11
307,5.784190535530116,3.470096673239518,3.656706704626784,3.781372471512076,3.843583751929289,3.9679393902851894,2020-06-14
308,22.537921771677635,2.3881731976465206,2.8779521599949205,2.8779521599949205,2.8779521599949205,3.1161143442983654,2020-06-16
309,7.498826978442365,3.315492129388184,3.688412289568007,3.688412289568007,3.8133684893410935,4.0595507866042935,2020-06-19
310,47.26645892066518,2.304060527247625,2.7781686523532576,2.7781686523532576,2.7781686523532576,3.2029136885272846,2020-06-21
311,6.941983675390755,3.2821449645783325,3.5316107699031485,3.5941957109215106,3.7183358262763866,3.9055776564227163,2020-06-24
312,30.021898634250842,2.282419099783046,2.7504003826034227,2.7504003826034227,2.7504003826034227,3.206966662200055,2020-06-26
313,9.033807242918979,3.441473542223249,3.6901653628314746,3.8137383943208962,3.9369069312032883,4.060642001987872,2020-06-29
314,32.455108556745664,2.1349712848129156,2.3812890456323337,2.6272227997763813,2.6272227997763813,3.1130560733646075,2020-07-01
315,7.62881939059923,3.5325491684424914,3.7194668395744794,3.7814403068577613,3.844015635161054,3.9681633093799586,2020-07-04
316,14.823897632286474,2.3146294996247376,2.566136801882589,2.687615858928932,2.809734591040829,3.4361707908035375,2020-07-06
317,6.96273606443107,2.9396751517517092,3.3145595362949964,3.5641132155944284,3.6875035770259608,4.061011224604336,2020-07-09
318,25.53468760926376,1.7837863798199458,2.2796035884189334,2.752963530864632,2.752963530864632,3.211889107442575,2020-07-11
319,12.871926173428612,2.8826397623513675,3.130235406298621,3.3786734328319565,3.623409721754241,3.8668599589930794,2020-07-14
320,80.933201493901,1.6420340556842314,2.4746318335412836,2.4746318335412836,2.4746318335412836,2.4746318335412836,2020-07-16
321,7.8705960741362535,3.44057370474111,3.564849622792238,3.6888773975300757,3.8116719902890193,3.934312469122574,2020-07-19
322,75.19184355729884,2.2898992614706146,2.2898992614706146,2.743461470368549,2.743461470368549,2.743461470368549,2020-07-21
323,7.577402959182327,2.884614175121735,3.3794809552095435,3.6246855471822075,3.6246855471822075,3.8680285587092462,2020-07-24
324,35.749855325212735,1.7884302671317613,1.7884302671317613,2.2420886873260204,2.2420886873260204,2.690810063044543,2020-07-26
325,8.976366961533596,3.1901160081081055,3.4392741896986423,3.5635501546705677,3.687695360786303,3.9356087919900538,2020-07-29
326,43.35959562760581,1.7815818695026033,2.2574778365818986,2.2574778365818986,2.2574778365818986,2.721205456336452,2020-07-31
327,6.842152811702305,2.563997341330222,3.0633862723020213,3.187770321308547,3.3120069301521795,3.685337813948822,2020-08-03
328,29.945762578457384,1.791276180967654,2.2475168297361363,2.2475168297361363,2.2475168297361363,2.694314801802327,2020-08-05
329,7.928607050864067,2.8865121261814624,3.1337414607206853,3.3777149332764385,3.3777149332764385,3.618329293205176,2020-08-08
330,12.094107218498381,1.6321894565608972,2.372272563586693,2.619752797582676,3.126459274001849,3.8746848317441476,2020-08-10
331,10.964923020614634,2.8833371805531702,3.1309646655832455,3.3772245101786877,3.3772245101786877,3.86343855530546,2020-08-13
332,44.511154157388646,1.7772059623117484,2.272589049070379,2.7549757552701837,2.7549757552701837,3.2229381491180376,2020-08-15
333,30.52707159239182,2.631668548790488,3.3779619090689024,3.3779619090689024,3.62523293693518,3.8728795141765757,2020-08-18
334,17.046284905394238,1.1335470753424335,1.3784231978371957,1.6192086182759393,1.6192086182759393,2.1106352452092336,2020-08-20
335,15.159565423297051,2.6324526148181273,3.129743572822004,3.129743572822004,3.3749966054093705,3.6204965538627434,2020-08-23
336,40.299345931244304,1.2848674109297762,1.7743328331141286,2.2504975603849884,2.2504975603849884,2.715331050220744,2020-08-25
337,10.566623277828597,2.882680383175909,3.130952076535021,3.378305399395469,3.622802116553619,3.8666729803942173,2020-08-28
338,73.40831435665734,0.573268374790193,0.573268374790193,0.573268374790193,0.573268374790193,1.3788767367122123,2020-08-30
339,21.767217524163236,2.1336372827821743,2.630152175975071,2.877304564524575,3.1241639282761127,3.3678757693175343,2020-09-02
340,33.80059689611149,1.7795244309440892,1.7795244309440892,2.236257531350275,2.236257531350275,2.236257531350275,2020-09-04
341,15.77463308333639,2.6327545848443346,3.128204488073066,3.128204488073066,3.3747023782542906,3.620050486696833,2020-09-07
342,23.203233266633802,1.2700559604395671,1.7623752784910045,2.249347770051391,2.249347770051391,2.731852173808269,2020-09-09
343,11.183342701083545,2.1312477651149977,2.628371359438311,2.875057785228143,2.875057785228143,3.367650984767016,2020-09-12
344,28.509338039801552,1.276745271489441,1.7670353621939259,2.24644654255215,2.24644654255215,2.7231047705224714,2020-09-14
345,20.09258438069622,1.6352273070464445,2.128951244066025,2.37489466302894,2.37489466302894,2.865149554725295,2020-09-17
346,16.24569900037895,1.1353556213721345,1.3812757424076778,1.626816640786452,1.626816640786452,1.8668128831890347,2020-09-19
347,20.734854596326972,1.6294524670187023,2.3775604201794462,2.6244337973229075,2.8737481976089017,3.3686632739008435,2020-09-22
348,29.514940069917635,1.2803435147758206,1.2803435147758206,1.7478267804988337,1.7478267804988337,1.7478267804988337,2020-09-24
349,16.713962088046856,2.383912565361471,2.6309576606488143,2.876821807184443,2.876821807184443,3.120420239827672,2020-09-27
350,61.78662927586094,0.773647488425926,1.255241470863322,1.255241470863322,1.255241470863322,1.732024445319124,2020-10-02
351,27.026369390198393,1.7926014291656651,2.2512377325712865,2.2512377325712865,2.2512377325712865,2.2512377325712865,2020-10-04
352,38.53285208933717,2.2976160381919226,2.738031730191072,2.738031730191072,2.738031730191072,3.167726809294212,2020-10-07
353,80.66316042843727,-0.41802673770715226,0.5224175137149024,0.5224175137149024,0.5224175137149024,1.3941980816667827,2020-10-12
354,182.7779569227441,-0.6701619798148057,-0.6701619798148057,0.6827975947652608,0.6827975947652608,0.6827975947652608,2020-10-14
355,33.59741482002751,-0.22889753199401716,0.7578415269532753,0.7578415269532753,1.2370303065176744,1.716709296814209,2020-10-24
356,34.47512266607963,-1.2337617147631939,-0.25464831172544516,-0.25464831172544516,0.24577330100469835,1.733605687656498,2020-10-29
357,33.4376758628261,-3.236299520154038,-2.7407220905781537,-2.2503498689445056,-2.2503498689445056,-1.2699473944630564,2020-11-13
358,24.223959489066637,0.7662858437142505,1.7493750410991065,2.244412238914761,2.244412238914761,3.744157762945169,2020-11-18
359,36.62551649990807,0.27280075047539554,0.7658007906576275,0.7658007906576275,1.229099925875978,1.229099925875978,2020-11-28
360,48.26091443415646,-0.23544228908374015,0.26827890620570694,0.7440443972663172,0.7440443972663172,1.2494616105784613,2020-12-06
361,37.691125758999036,-0.7287889121425407,-0.2466440614731186,0.25633954409415893,0.25633954409415893,0.7316623657923329,2020-12-08
362,58.23361306043932,-0.2329258233414996,0.26092055316354834,0.7477638695483659,0.7477638695483659,1.7213019374010214,2020-12-23
363,39.39325981353068,-0.7358044561408058,0.25621085998683757,0.25621085998683757,0.7460256527363623,1.23694996023363,2020-12-31
364,40.179043547839804,0.2715101800948965,0.7555864111977536,1.258915293338852,1.7357425778818092,2.231581793835521,2021-01-05
365,61.60775229983814,-1.4541453800230568,-0.46437086777927983,0.5058293326106141,0.5058293326106141,1.4417436949855709,2021-01-20
366,38.680892617191475,1.2762873480643793,1.7681055735082787,2.253130568695428,2.253130568695428,2.7318203526846014,2021-01-25
367,52.756279857198436,-1.2348583610357857,-0.24203804806066218,0.24846636379128428,0.24846636379128428,1.2433014194580385,2021-02-04
368,69.7907806525548,-1.4088488655486824,-0.4538671324147994,-0.4538671324147994,0.45864649759373066,0.45864649759373066,2021-02-06
369,43.758895711196004,-0.22205545678332947,0.2639666061108328,0.7573292112285026,0.7573292112285026,1.2305586053755588,2021-02-09
370,30.633867680418476,1.7761525288557054,2.25679311669341,2.25679311669341,2.25679311669341,2.7322673853445556,2021-02-14
371,52.3957845404725,-1.2349629514813,-0.7394250894574685,-0.25046723250353004,0.2486722328714031,0.7380930217195398,2021-02-19
372,82.29743260909164,0.558097199950929,1.52294096415932,1.52294096415932,2.472504785792757,2.472504785792757,2021-02-24
373,48.585762861674056,1.2905273492901252,1.7690735953724366,1.7690735953724366,2.2340294018368594,2.2340294018368594,2021-02-26
374,24.83691143100849,0.7604795891799289,1.7567031872103136,2.254761604689382,2.752489725673482,3.7440208338071157,2021-03-01
375,26.70950322054905,2.885940604947959,3.132312325858339,3.3751775119458154,3.3751775119458154,3.6148753458002907,2021-03-06
376,33.39099830786067,0.7822412560043907,1.2709423419799986,1.7363968051124488,1.7363968051124488,2.1962306075280185,2021-03-13
377,52.589093956225526,0.7697895482239429,1.266062017093371,1.7546134193779952,1.7546134193779952,2.7230879842969298,2021-03-18
378,9.00463529652394,3.658009262365652,3.781994540517525,3.8436202891987326,3.906192266943185,4.03112434050945,2021-03-21
379,41.57434463418759,1.2794351734640486,1.764722769290118,1.764722769290118,1.764722769290118,2.2300978395861066,2021-03-28
380,37.81632423943843,1.7734366865802746,1.7734366865802746,2.250073080123786,2.250073080123786,2.722406364698539,2021-04-02
381,57.68135438510342,1.5896105434158547,1.5896105434158547,1.5896105434158547,2.4113494420302994,2.4113494420302994,2021-04-07
382,13.2408919018344,1.6267976066383831,2.6272185789581117,3.127849359934363,3.376849907397698,4.123725143109729,2021-04-10
383,57.96973706957212,1.7829440233556135,2.2717843136683102,2.7497149566223706,2.7497149566223706,3.2086007357532123,2021-04-12
384,9.46015507808644,3.190523351441457,3.5641372062445176,3.6882203211450237,3.812460538594211,4.0599700125998,2021-04-20
385,63.69048313446765,0.6045674032778244,0.6045674032778244,0.6045674032778244,1.4096637155708747,1.4096637155708747,2021-04-22
386,21.61140682207685,3.3891874198810266,3.6333185647835324,3.873701675993608,3.873701675993608,4.108031550979193,2021-04-30
387,19.544622593925627,2.887017706057855,3.1260476821570324,3.1260476821570324,3.1260476821570324,3.3588726061589913,2021-05-07
388,11.469878015788028,3.1321883226648537,3.6293008430168476,3.6293008430168476,3.8761180354453004,4.1205851266902505,2021-05-10
389,63.22453231598101,2.281480422541941,2.7743942115561357,2.7743942115561357,3.234815513636954,3.234815513636954,2021-05-12
390,54.52138966196436,1.780372797792563,2.259522211394098,2.259522211394098,2.259522211394098,2.729064620489402,2021-05-17
391,19.435414290905037,3.384846275829628,3.6312022027420143,3.8759978069351435,3.8759978069351435,4.117237634407779,2021-05-20
392,37.70693022519022,1.7783901064874965,2.268107225150926,2.749125256600886,2.749125256600886,3.2170369803967844,2021-05-22
393,20.23547676069758,3.441279410691909,3.6890232270245265,3.81245030841034,3.81245030841034,4.058627322985848,2021-05-25
394,34.64601716715293,2.283506133487355,2.771856099568269,2.771856099568269,3.2394761488917077,3.2394761488917077,2021-06-01
395,8.337333770138036,3.5654862070488105,3.8134333209013445,3.8134333209013445,3.937846274402551,4.183997396558081,2021-06-04
396,27.82692030261206,2.281469128393442,2.7530810130175936,2.7530810130175936,2.7530810130175936,3.2114860901563906,2021-06-06
397,5.875277951785774,3.344692613800804,3.5318413463541285,3.6562127014216044,3.7188095740003555,3.9050735370213574,2021-06-09
398,27.766176083308455,2.291593121455697,2.7442766425642673,2.7442766425642673,2.7442766425642673,3.1927994606824943,2021-06-11
399,43.96977275627691,1.777036406570309,2.2617312886679315,2.2617312886679315,2.7422999104050434,3.2180545088342325,2021-06-16
400,7.193347866066873,3.344511395896327,3.594187524595794,3.6565994122013206,3.781082079027116,3.9055904481701513,2021-06-19
401,36.40010948158683,1.276955136825736,1.7564398237272683,1.7564398237272683,1.7564398237272683,2.222476676946407,2021-06-21
402,5.431922061600976,3.3600124061498113,3.5157825434980685,3.578037477375844,3.6405807716244616,3.7653277831039476,2021-06-24
403,12.167632509390371,2.3877317935866222,2.630018827068147,2.630018827068147,2.867524594720321,2.867524594720321,2021-06-26
404,7.568079967285212,3.065132322351254,3.3138702869688474,3.438367617944318,3.5627015798121073,3.8104615615988235,2021-06-29
405,9.258815414625895,3.067979783727342,3.314063913180924,3.314063913180924,3.4359357261774117,3.5575103579337513,2021-07-01
406,6.247888509956694,3.4073444453519657,3.594311163586584,3.7185466525955113,3.7810519349427505,3.9051421140751286,2021-07-04
407,53.44235731634764,0.7878084212455513,1.2746674309872552,1.7434715997751158,1.7434715997751158,2.201627124165891,2021-07-06
408,10.905840662348313,2.382656567499101,2.878994658358491,3.125982319902903,3.125982319902903,3.6180483152499843,2021-07-09
409,32.52502662514627,2.2837041315366235,2.7670327467724176,2.7670327467724176,3.2253485075600548,3.2253485075600548,2021-07-11
410,6.855137974748359,3.3156606017876635,3.689003578938907,3.689003578938907,3.812411916518083,4.058929698410284,2021-07-14
411,21.54508079466512,2.3048039281293304,2.7596034722063183,2.7596034722063183,2.7596034722063183,3.175666975461182,2021-07-16
412,8.410656015810266,3.1905038185817647,3.439302121989205,3.563108956408176,3.563108956408176,3.809852582387792,2021-07-19
413,63.406673311289175,1.7882996353365248,2.2651084190787847,2.2651084190787847,2.7297944369836338,2.7297944369836338,2021-07-21
414,13.681731981301395,2.6317305299807483,3.379074458247424,3.379074458247424,3.624802174367963,3.870621169049157,2021-07-24
415,26.3040914016005,1.785295265696547,2.2749721884584964,2.2749721884584964,2.7351348384356053,2.7351348384356053,2021-07-26
416,9.092681928755315,2.938942776121849,3.4391604066938286,3.687867032866048,3.8127443277717927,4.186316873804004,2021-07-29
417,19.657044330578152,2.3896906519751733,2.8775812563360597,2.8775812563360597,2.8775812563360597,3.115516205316751,2021-07-31
418,6.277883880945807,3.4846587432052756,3.67245387359565,3.734446306071287,3.7967675192660857,3.9216071137566586,2021-08-03
419,17.908259150534068,2.392892709615285,2.635982647550774,2.8725396550102236,2.8725396550102236,3.107881598089852,2021-08-05
420,8.047525046718318,2.93934012062664,3.4391033324362743,3.6879223552689115,3.8126047233625746,4.186436889331571,2021-08-08
421,31.416158488316494,1.2829068604576508,1.770298767986269,1.770298767986269,2.2389617257641024,2.2389617257641024,2021-08-10
422,11.512280733900193,2.630686167392707,3.1290636692779983,3.379207185062834,3.6267512519455036,4.121100704524629,2021-08-13
423,24.15282240341115,1.7772356503489823,2.2580347387371136,2.2580347387371136,2.2580347387371136,2.726694320994378,2021-08-15
424,6.405914934672807,3.191101162894961,3.3149966726978097,3.43828991463804,3.561278178792619,3.6847092611039587,2021-08-18
425,33.89794828871416,1.790322608385803,2.265096964646369,2.265096964646369,2.265096964646369,2.715103179795462,2021-08-20
426,11.31014913758326,2.883475634706297,3.1308315193879745,3.3780605359247633,3.6225503419923615,3.865827237882814,2021-08-23
427,67.79266144686943,1.6343376720047065,1.6343376720047065,2.3910970319255815,2.3910970319255815,2.3910970319255815,2021-08-25
428,9.078311841842025,2.9406834564001163,3.189798098289578,3.313521211969839,3.4370214139492976,3.684259758640402,2021-08-28
429,38.17037227268763,1.7779859362163088,2.259613378618153,2.259613378618153,2.259613378618153,2.722416791323449,2021-08-30
430,12.154851383030184,2.6333527687983236,3.1287476579875193,3.1287476579875193,3.37492523387673,3.619103785974418,2021-09-02
431,27.417526682681405,0.7658471764656039,1.7609169182418791,1.7609169182418791,2.249364147903569,2.7343539509493415,2021-09-04
432,27.056790433528263,1.1338558548714082,1.6289481751572452,1.8768276706078737,2.122157419829259,2.6151459658716845,2021-09-09
433,54.32300379888328,3.032822648109207,3.032822648109207,3.032822648109207,3.032822648109207,3.032822648109207,2021-09-12
434,23.49361970760408,0.7738144425440915,1.2647418776477617,1.7475676940665634,1.7475676940665634,2.72533872603649,2021-09-14
435,24.108573153918943,2.276332182020481,2.276332182020481,2.750171733933555,2.750171733933555,3.2045649267112335,2021-09-17
436,13.477537704578143,2.389651566395405,2.6337793067673982,2.6337793067673982,2.8712459701626223,2.8712459701626223,2021-09-19
437,29.472092493432925,1.2797750771901435,2.2561460899653256,2.2561460899653256,2.2561460899653256,2.7269506632634446,2021-09-22
438,51.01244127809321,-1.4641392824033412,0.5250950047574425,0.5250950047574425,1.4799150649265918,1.4799150649265918,2021-09-24
439,26.77356922400139,1.7740640416522413,2.2664164828989364,2.75208397483281,2.75208397483281,3.2323073445140245,2021-09-27
440,26.416763793561643,1.7948322121008982,2.2611963622245295,2.2611963622245295,2.2611963622245295,2.7029116024870086,2021-09-29
441,43.60943145986844,0.7639536210114087,1.2599026080615041,1.75281531267312,2.2401906443135977,2.7291944880870864,2021-10-04
442,46.469271771051325,-0.23276899151048813,0.26285186560521945,0.7613071900238991,0.7613071900238991,1.7260482318950063,2021-10-07
443,39.79707496153238,0.6012465854935838,0.6012465854935838,1.4356285226547048,1.4356285226547048,1.4356285226547048,2021-10-09
444,10.936992174648262,0.27547148093634877,1.2553401397830781,1.2553401397830781,1.2553401397830781,2.211817743302294,2021-10-19
445,39.960336444654345,0.27073584884658003,1.2561845713221542,1.2561845713221542,1.7402651248705896,2.2225503134337585,2021-10-22
446,30.60858326261784,0.7806170505597668,1.2613051528435457,1.2613051528435457,1.733524172793558,1.733524172793558,2021-10-24
447,53.73572761733077,-1.4108335795886515,-0.4784542514987799,-0.4784542514987799,-0.4784542514987799,0.43456222489704077,2021-11-03
448,50.08005116168487,0.26991400656576636,1.2557000668132736,1.2557000668132736,1.7435312044273175,2.223797206474729,2021-11-06
449,7.173722283011599,2.938483533247663,3.5639183867645174,3.8132155276661805,3.93757897353903,4.311402469271416,2021-11-18
450,39.179742313577705,-0.4328519150876986,0.5473686165811958,1.49677485177718,1.49677485177718,2.4119593301790583,2021-12-01
451,36.95610093745613,-0.22699538232858205,0.26780294733876964,0.7528784532119958,1.249822016636228,1.7299308625878773,2021-12-26
