,Turbidity_p100,Turbidity_p20,Turbidity_p40,Turbidity_p50,Turbidity_p60,Turbidity_p80,date
0,0.3333333333333331,-0.9257039057619313,1.6595937839959235e-06,1.6595937839959235e-06,1.6595937839959235e-06,1.6595937839959235e-06,2017-04-03
1,0.05787783507369203,-0.15722380258321433,-0.0791016813365705,-0.06346796939103266,-0.05373586748057986,-0.03809632019480759,2017-04-06
2,0.07480914641229665,-0.2715031101749674,-0.18163549487946062,-0.16209901159115508,-0.14645704384285885,-0.1152251813825015,2017-04-16
3,0.5483871258477386,-0.5429471271571867,-0.3632022678691054,-0.2929685956072993,-0.24603100089182978,-0.1679075322286791,2017-04-23
4,0.9951969284405614,-0.9573264086051633,-0.5740713119349419,-0.4413635005980716,-0.34768990311057846,-0.19142679051886555,2017-04-26
5,0.13241524658718618,-0.949301152987332,-0.33202463089859974,-0.22270056551598766,-0.1913606534856507,-0.14452074342068333,2017-05-03
6,-0.0020929301661660356,-0.15923461485227483,-0.10644192826719684,-0.08495222929426346,-0.07518430409309362,-0.06348457539122161,2017-05-13
7,0.0698729584724444,-0.3691425277353922,-0.18939981104506873,-0.15036539483739061,-0.13083149892585577,-0.09573358403616629,2017-05-23
8,0.7986658694530681,-0.9889520185785446,-0.7305364483945276,-0.6604145202068105,-0.6290249134429359,-0.5664185664154722,2017-06-02
9,0.2288264821626326,-0.05563804388182739,-0.014656011360041105,-0.004880198172859508,0.0008879731796573451,0.014646897193655408,2017-06-05
10,0.0070970362695514395,-0.03539545186796475,-0.03197844415208715,-0.030515843161575927,-0.029053276174273047,-0.025146689998132004,2017-06-12
11,0.9915966391204525,-0.04290981102387926,-0.011594386118759495,-0.0038817015792672847,0.003790843651347462,0.027091620340208705,2017-06-15
12,0.059821809420783585,-0.3184019970022821,-0.16205462106498472,-0.12692342262646197,-0.11125363486729915,-0.0878978304539795,2017-06-22
13,0.0788415264542958,-0.056150742509712054,-0.01219453750343052,-0.0024406521661193992,0.0043921149265707515,0.016105551393745258,2017-06-25
14,0.1003307608704818,-0.22071612559752982,-0.10737425419725091,-0.08783335645097276,-0.07612091815076842,-0.06058464722834799,2017-07-02
15,0.14225277735061378,-0.07130799314483541,-0.02630710867140478,-0.022429530466887147,-0.018550259509070976,-0.012739852653777936,2017-07-05
16,0.143063556548117,-0.41799225939198786,-0.20703869610023692,-0.16004517016894865,-0.1288598433398839,-0.08983218430505505,2017-07-12
17,0.10303032321323437,-0.35355886990197,-0.19334150593609872,-0.16208698258824833,-0.1386637296754498,-0.09567753030600384,2017-07-22
18,0.6084524498182666,-0.08979492927679528,-0.05066398493733491,-0.04292943548381419,-0.03517731411762167,-0.011821336783459358,2017-07-25
19,0.1464848255516547,-0.3301127798441773,-0.2129197828599303,-0.18942173147209115,-0.16601091191015288,-0.12701094843678487,2017-08-01
20,0.10981046228770279,-0.12403415173813521,-0.0693180570626019,-0.055685849006016225,-0.043959356321595054,-0.020508943831566758,2017-08-04
21,0.0958823576074572,-0.31443485191000803,-0.18939099093614076,-0.1698803098487399,-0.1543023464030009,-0.12311533972149573,2017-08-11
22,0.9981842521451166,-0.1055235821139371,-0.04277959952221206,-0.03504998554504067,-0.019500035190863105,-0.004177414388373963,2017-08-14
23,0.14576268896259298,-0.925703785576598,-0.45684715988798236,-0.26972222654107625,-0.18352564554602685,-0.12894471088695825,2017-08-21
24,0.9975509609617205,-0.16796101773667757,-0.09757779727161565,-0.07418252473040224,-0.05859529210198278,-0.019542657174373427,2017-08-24
25,0.21599497939724455,-0.2597573807368676,-0.18166907940138313,-0.15432911745241948,-0.1347427528377741,-0.09183965216533536,2017-08-31
26,0.25412538251462435,-0.63670998746773,-0.2539832214912324,-0.15228024208332172,-0.11319240138031547,-0.06641308252659295,2017-09-03
27,0.03887508432744767,-0.22364104238277555,-0.14552125812963487,-0.13184250679730083,-0.12404657298318611,-0.10646962337929934,2017-09-10
28,0.14379084808181022,-0.334041958544555,-0.15815927685084577,-0.11911331937539196,-0.09179464083685318,-0.056676421849844644,2017-09-13
29,0.4966966855701096,-0.27932433935282647,-0.15428069500868524,-0.11516237336104285,-0.09566830100979853,-0.06837146533164147,2017-09-20
30,0.12718205855635992,-0.5194385725600207,-0.3241569988640954,-0.2929211353926963,-0.2617852817893198,-0.2227058601377562,2017-09-23
31,0.3437499824597446,-0.04487864771948123,-0.025321905155796846,-0.021467411590814292,-0.017612813163108552,-0.0020576995292926636,2017-10-03
32,0.15028900473835938,-0.9888203694665768,-0.9645055279201491,-0.9571049151285671,-0.9492644111528242,-0.9183587843988578,2017-10-10
33,0.9000000040017758,-0.5117390074473617,-0.3397365025876902,-0.2851032764080267,-0.24618386144974838,-0.16804110963423227,2017-10-13
34,0.1540785148269085,-0.9887333104844163,-0.9647264205865839,-0.9647264205865839,-0.9572348585370107,-0.9412733378064307,2017-10-20
35,0.6380090418921258,-0.4335959433903561,-0.30865477340614206,-0.2773288949551076,-0.24611267264071898,-0.16813671719408452,2017-10-30
36,0.8823529411764703,-0.9809360352458973,-0.8788528625621524,-0.6755258259217997,-0.4965212464777791,-0.2228446852376405,2017-11-09
37,0.06399237550129526,-0.9808122553818885,-0.9256526106270013,-0.894744240950716,-0.8571036579622677,-0.5001492662381912,2017-11-19
38,0.05066402154562791,-0.9886610657637589,-0.972177114881921,-0.972177114881921,-0.9649186153981903,-0.9575667665043909,2017-11-22
39,0.9090909081889298,-0.9807960563258662,-0.9413000644776258,-0.8873819420110466,-0.7771674143261559,-0.5272811388414212,2017-11-29
40,0.13515408027682344,-0.9808601378954277,-0.9489978039344311,-0.9410442154749159,-0.9257668569266856,-0.8664713694148518,2017-12-09
41,0.10430107587182395,-0.9807685160110327,-0.9571090105616973,-0.9490543694291049,-0.9412213276572832,-0.9185267159096683,2017-12-12
42,0.4717679549450684,-0.23815668092373657,-0.12116019550032416,-0.08198025907644055,-0.05849068637268757,-0.011718711065012637,2017-12-17
43,0.2258064322305394,-0.9806172859936625,-0.9647689805259115,-0.957027861798211,-0.949276907569368,-0.9109975217676499,2017-12-27
44,0.11447813654461726,-0.9807566503497975,-0.9257605042990821,-0.8784434212524652,-0.800026871596892,1.4471092408645195e-06,2018-01-01
45,0.050306970523447285,-0.9883586777997801,-0.9798755396995361,-0.9729597602360499,-0.9729597602360499,-0.9572707218343347,2018-01-06
46,0.3142857168199251,-0.3553768063470081,-0.19137740399192804,-0.15234659174658932,-0.12111725429027527,-0.05850114284149024,2018-01-31
47,0.04368176082444566,-0.14750156274712528,-0.09664815171895225,-0.08496801380418041,-0.07716668646254508,-0.061532346928461185,2018-02-05
48,0.5684210472139126,-0.979561262664021,-0.9727460934730706,-0.9727460934730706,-0.9727460934730706,-0.925754057407166,2018-02-12
49,0.24627515856562932,-0.6288875404487149,-0.4333995645443273,-0.3710684177960649,-0.3316887100605336,-0.24611777055663817,2018-02-25
50,0.0817188818569578,-0.9885084320300744,-0.9573503780201735,-0.8634780775386798,-0.7147389154735828,-0.5351310653198014,2018-03-12
51,0.6559905056796753,-0.3242484781173935,-0.05042716593006046,-0.03488733134326025,-0.02726551838137991,-0.011941007053914328,2018-03-24
52,0.032982492024218754,-0.16309149337525472,-0.12011788107993497,-0.09863443331246376,-0.0810243387273509,-0.045852819292556586,2018-04-01
53,0.10100606522223135,-0.9884721138100131,-0.9645014257398851,-0.9570834779117879,-0.9492983134367073,-0.8946559459972485,2018-04-03
54,0.3259317930365785,-0.25589699097480556,-0.14253276169899784,-0.12308359015034723,-0.10738604686969014,-0.07235858317614405,2018-04-08
55,0.02981650553077441,-0.2831617879757529,-0.1697958587053089,-0.1464163129928063,-0.134723833889986,-0.11914645794770162,2018-04-18
56,0.11003860254149171,-0.16506208169642797,-0.09862884651949426,-0.07910805012335677,-0.0634710905540616,-0.03226326884352795,2018-04-21
57,0.08512823232453866,-0.7384011748291949,-0.4491065578294645,-0.3943980598293775,-0.36318209998965806,-0.3164838899784103,2018-04-23
58,0.26057297607342145,-0.14647431853633947,-0.09173630426696279,-0.06836464461072096,-0.04489648492504504,-0.013701331652179448,2018-04-26
59,0.38109572789707336,-0.7695819797472159,-0.43360551313708684,-0.35535904463877976,-0.3240230987717338,-0.2851403782875082,2018-04-28
60,0.08716023702622257,-0.08886527396070962,-0.04197666369682186,-0.030281754120616712,-0.020508351568433683,-0.004888637612186124,2018-05-01
61,0.14750589307257458,-0.10251708653052441,-0.05174341901214664,-0.03806309894483449,-0.030290034649299875,-0.016600900261196892,2018-05-06
62,0.16342525670332733,-0.25586947801346255,-0.1543140256503643,-0.1385945861213199,-0.12302655325540425,-0.10354392440837867,2018-05-08
63,0.28762136890720325,-0.10539373424935308,-0.03492478393576625,-0.027099430720281578,-0.011626262575859048,-0.004075828662586602,2018-05-11
64,0.10151801338679886,-0.3456262299056922,-0.20108660008355647,-0.1659657032166214,-0.13863861763561963,-0.09570057909725566,2018-05-13
65,0.3275936174408886,-0.06835197129972605,-0.029270579376994444,-0.017539375733086403,-0.009758186416553473,0.009696988345822331,2018-05-16
66,0.0033822023941394975,-0.0786326103398122,-0.0493214193262422,-0.04149317553416097,-0.036628956833708745,-0.0297879260637668,2018-05-23
67,0.09416446632451317,-0.0985828622109374,-0.04979569619949193,-0.03808077225653571,-0.02830104916057299,-0.00879982155960723,2018-05-31
68,0.08612443432179487,-0.2832190881648082,-0.1386233439549431,-0.11520001752591806,-0.09956916723306328,-0.07620057525175356,2018-06-02
69,0.05678539932888836,-0.3261602696609037,-0.15818962459355076,-0.1308312264643984,-0.11130111977530767,-0.08792412139720632,2018-06-07
70,0.07489511935191649,-0.11228860443160212,-0.04393934819192696,-0.030272300057504378,-0.02050833109049398,-0.00491404808351459,2018-06-10
71,0.466444835238345,-0.27157756071191935,-0.12694725667932344,-0.10738602769295605,-0.09176738920426937,-0.07229163216226156,2018-06-12
72,0.07124437939386846,-0.30653352677275014,-0.1386350956892901,-0.10736516032905388,-0.09566710705105073,-0.0722556150662278,2018-06-17
73,0.09967846552731416,-0.3456785519539849,-0.21676283923129622,-0.18944016977868955,-0.16991647882224292,-0.1347651993719511,2018-06-22
74,0.13156000588333397,-0.34961836298114624,-0.18942017838635197,-0.1580993031039015,-0.14253195939704144,-0.11527439036230885,2018-06-27
75,0.07976127579490676,-0.12405008757417646,-0.053689522444444804,-0.041996498032359206,-0.03221587483965489,-0.01466223979112474,2018-06-30
76,0.0720264385708702,-0.3613632504610394,-0.20890530966372237,-0.17766947390758175,-0.1620690447487351,-0.13478683067302358,2018-07-02
77,0.18872265024955392,-0.06543442896131571,-0.026343181577476726,-0.016566688958966805,-0.008773006815105767,0.00294406307567855,2018-07-05
78,0.07579907818285572,-0.36525527575081584,-0.20109350320841526,-0.15816259049346154,-0.13475601447950905,-0.10745881081842379,2018-07-07
79,0.07097794393120829,-0.3651900058324832,-0.17769746980239992,-0.1386059998960592,-0.11911942197973385,-0.09182905211988462,2018-07-12
80,0.08869381282758323,-0.1474655544361925,-0.057572295188785004,-0.04199612398262515,-0.030265850371757316,-0.010749573107595571,2018-07-15
81,0.056887651866002635,-0.47062903342142764,-0.3573813100161321,-0.32993213816971023,-0.30667154952690734,-0.25586533176413384,2018-07-17
82,0.07427058048768988,-0.08105687526101833,-0.028296109975723124,-0.016588668980158556,-0.008809654402339925,0.004852053755738263,2018-07-20
83,0.05075444792757099,-0.27536851981832644,-0.15034326893521652,-0.12688836604621953,-0.11521818026682216,-0.09573640239057019,2018-07-22
84,0.07869482561834196,-0.10840684039112151,-0.04198635944111425,-0.02635301728624912,-0.014638328311425908,0.0008202318304164839,2018-07-25
85,0.16633795862820622,-0.34573044732261504,-0.2519546508695545,-0.20113597883550674,-0.16602493390468903,-0.12309365361638173,2018-07-27
86,0.125586837062843,-0.13577957455633896,-0.055675199249541014,-0.03222036676704896,-0.018556909946682056,0.0008478139115108827,2018-07-30
87,0.05969231164243814,-0.44914627376684824,-0.3320305039563536,-0.2773528034592003,-0.23042053424236297,-0.16798641600070208,2018-08-01
88,0.38732022493727636,-0.2402078453464241,-0.16605892183044776,-0.12307281667203422,-0.08397780859363453,-0.03709439274156654,2018-08-04
89,0.0852017731212207,-0.3534782682513719,-0.3183765298729011,-0.29490105975064007,-0.26759109719616747,-0.22461819789213555,2018-08-06
90,0.136536031115357,-0.18165932843358684,-0.11914293999786839,-0.09571672841078555,-0.07612235798908804,-0.03712954273082541,2018-08-09
91,0.27397256196123093,-0.33401903066603816,-0.2597144155207089,-0.21686627920424864,-0.16204285010847297,-0.04488942149594496,2018-08-11
92,0.10264385529883423,-0.19823432167447338,-0.14552840432125505,-0.12597842186200994,-0.1083806090978329,-0.07519143484678792,2018-08-14
93,0.07474989028044354,-0.5332685796802468,-0.36908942735596345,-0.3261151961359034,-0.29494619258219984,-0.22849293531722134,2018-08-16
94,0.16688225639433074,-0.16210719149973227,-0.09958671604017932,-0.08395711929358843,-0.06836777281578478,-0.03321837888681668,2018-08-19
95,0.0992217658419508,-0.38470145984544823,-0.2949108015734763,-0.2714591698683333,-0.25197916333980724,-0.2012087763833675,2018-08-21
96,0.08910889002316157,-0.16901804726229047,-0.07910274274242766,-0.059556906438249624,-0.04589036392944354,-0.024422970176674243,2018-08-24
97,0.33266431380843764,-0.38671210965977937,-0.23817719178744917,-0.199156480422868,-0.17573501256310245,-0.13668311534288333,2018-08-26
98,0.08863025747425109,-0.5351153450368636,-0.3788689915862423,-0.3319462791217324,-0.3008197375607096,-0.23053325164110625,2018-08-31
99,0.0527272850422821,-0.18258649741852204,-0.09865304884864966,-0.07519098355259823,-0.059563860551248245,-0.03615054290765107,2018-09-03
100,0.08160310301026472,-0.37305206935610835,-0.2089026606607958,-0.17770911731458738,-0.15819917208778073,-0.12694592429336032,2018-09-05
101,0.08924949228751557,-0.21681248549536206,-0.09961263709148072,-0.07222930712951657,-0.056602503734027886,-0.0332391614898082,2018-09-08
102,0.09383379852140641,-0.41210930706489307,-0.25192101209909545,-0.2089416563010758,-0.18555457952330384,-0.14256405319266943,2018-09-10
103,0.9968051119016662,-0.371135722243141,-0.2929758219876443,-0.23820442050949367,-0.18356635328824628,-0.0976433323610166,2018-09-18
104,0.284650818807188,-0.3965249402012691,-0.25584864346188085,-0.2089465122954562,-0.1776987219238557,-0.09568722476482587,2018-09-20
105,0.10708403338514767,-0.3789023559621773,-0.26943516201002254,-0.2382153084543638,-0.21481248928944044,-0.1758088671771683,2018-09-23
106,0.12733447314147855,-0.5663964898401919,-0.37881976469472983,-0.3318833638003897,-0.30073607371481753,-0.24616690982084527,2018-09-25
107,0.15596329700387257,-0.36317195740700375,-0.30856309864302967,-0.28528343538977724,-0.25396131191756705,-0.15248924177443865,2018-09-28
108,0.183844007673475,-0.5976420567455221,-0.410055481927939,-0.36315940289683946,-0.3243196428087062,-0.26168747166149203,2018-10-03
109,0.07313540326387209,-0.5429382181658667,-0.3399374964283549,-0.2694866407453118,-0.22259391013672764,-0.15233903971893778,2018-10-08
110,0.31802962886843145,-0.41017573764516574,-0.27723863081046035,-0.22265204282394965,-0.1522803976404209,-0.027143046163933655,2018-10-10
111,0.13589273415833353,-0.2236483848954018,-0.14359390424763327,-0.1279222417773624,-0.11622491797867324,-0.09861097975754837,2018-10-20
112,0.984375000204281,-0.9798999714480828,-0.9726175664244916,-0.9651401708492103,-0.9576244925578534,-0.5981874353852374,2018-10-28
113,0.9888371957580387,-0.5040099246476207,-0.324180243387371,-0.2850927067642299,-0.2616959318405278,-0.21483668738033787,2018-11-02
114,0.2900385572674299,-0.17774265535462422,-0.06445754282986162,-0.040960549042161364,-0.029241455686624843,-0.013760133993114664,2018-11-04
115,0.06021507262894183,-0.5978207941834472,-0.42581408173956753,-0.3787662491229478,-0.3554202095621285,-0.3007706224237866,2018-11-07
116,0.24477408086185948,-0.39441572282447546,-0.2852025665499892,-0.26177404059108683,-0.2382920078782973,-0.1366365551678082,2018-11-12
117,0.5317460320393436,-0.6444424465322661,-0.5273573493566369,-0.4804654520895555,-0.4413717514264065,-0.347687720903331,2018-11-22
118,0.334657381166643,-0.05663028223699847,-0.04100931240346396,-0.03713570280334351,-0.029294016987684312,-0.009791722290015549,2018-12-12
119,0.1324127034516131,-0.9885220114653414,-0.9257054735757759,-0.863200084014462,-0.8165829865818173,-0.6913893856957432,2018-12-14
120,0.13243460187887562,-0.9730783082033738,-0.8788941367141838,-0.83199047241132,-0.7929742393569296,-0.7146752983989828,2018-12-22
121,0.0973782851226242,-0.9879587895955977,-0.980450489856236,-0.980450489856236,-0.9740094875872721,-0.8790216658279848,2018-12-24
122,0.13873724499548098,-0.6991329288499056,-0.5898378174497707,-0.5506714929968803,-0.5116748869647894,-0.44919081669857,2019-01-01
123,0.12516706142573694,-0.7460918381768421,-0.6678332034247545,-0.6289663703104954,-0.5976112041929293,-0.48830041254623807,2019-01-06
124,0.09604520804553232,-0.6346877763817936,-0.5995637530371399,-0.5839988429910099,-0.5684162171626532,-0.5331396997814131,2019-01-18
125,0.252427202901097,-0.4803842447416217,-0.3788964103085037,-0.3320318958978382,-0.285164517828057,-0.1835616909285973,2019-01-21
126,0.049534082934571386,-0.7616379165859825,-0.6991437618655314,-0.6757914861271401,-0.6601797802401927,-0.6055003186069531,2019-02-02
127,0.06504067881824198,-0.3691599891414522,-0.3261316216774141,-0.31053743632222114,-0.29104638882659295,-0.2441837507771315,2019-02-05
128,0.08902439960699098,-0.6230822797793746,-0.556597481387866,-0.5293133747522226,-0.505799238349375,-0.45119315592225095,2019-02-12
129,0.11123725134639001,-0.5761991402241834,-0.5331610280475304,-0.5175681539225357,-0.5058291079002625,-0.47461678240135957,2019-02-22
130,0.2191011434365214,-0.816368493710098,-0.7694609413284066,-0.746148932608209,-0.7304971949152415,-0.6993572056186309,2019-03-07
131,0.09037901951226711,-0.8945561422259718,-0.785072481978732,-0.7461571071254733,-0.7148626310705422,-0.6523145855874604,2019-03-09
132,0.12869707512007603,-0.4570145105446832,-0.27730092004124157,-0.22264562850427153,-0.1913616733592567,-0.13677270153615875,2019-03-17
133,0.07572813511389187,-0.981954946706273,-0.7695069645840636,-0.6912481768158577,-0.6287554099713191,-0.5271076477999728,2019-03-19
134,0.12405065615093215,-0.23637302345247777,-0.15426378624742285,-0.12693681387675285,-0.10743688406071839,-0.07229759122151477,2019-03-22
135,0.1775562992567874,-0.46486728019491635,-0.37120808717482356,-0.3164214574348528,-0.25385761462687717,-0.1602111885839262,2019-03-24
136,0.2698412470874107,-0.09184732452807709,-0.04880145305218092,-0.03705064086550894,-0.02926894863185384,-0.01761542614054142,2019-04-26
137,-0.005188058545907612,-0.1709062024305019,-0.11238125737588545,-0.09274794126525354,-0.08297785098083925,-0.07127895392996102,2019-04-28
138,0.1694599581053976,-0.11522622077907745,-0.05271556321913856,-0.03313267936206299,-0.01758225876106095,0.009768387103785383,2019-05-01
139,0.12755600894229266,-0.6210734137334992,-0.33967030485628175,-0.26938251960084536,-0.2226018162119637,-0.1680672431726633,2019-05-03
140,0.29281767870517716,-0.1347185602820581,-0.09178783079229606,-0.0800977808366508,-0.06447655282657537,-0.017556196297674003,2019-05-06
141,0.08449917338997825,-0.33400855204454216,-0.23232689756975924,-0.20114555144683174,-0.1816387417672269,-0.15431629113450612,2019-05-08
142,0.08193978354880053,-0.08493080311854732,-0.04198490865856169,-0.03220590101042233,-0.02442669151725944,-0.010747283850505975,2019-05-11
143,0.14475140150153487,-0.5430193370419534,-0.27728130114639926,-0.22263004748223625,-0.1914374861480785,-0.13675850657876865,2019-05-13
144,0.09240507146875125,-0.06934553819247248,-0.030255394575675526,-0.016616282001362236,-0.006841793815442414,0.010734185914611366,2019-05-16
145,0.058263982839390514,-0.45907790737727494,-0.24796066237908584,-0.20500171432601577,-0.18558227948187395,-0.14640514262698118,2019-05-18
146,-0.011987396532119032,-0.1069126512301148,-0.0756895884976199,-0.0668792902430866,-0.06103736092683208,-0.051268375262401536,2019-05-28
147,0.12916864188127822,-0.2910079922503562,-0.16211212177381412,-0.13864388346291673,-0.11911598406764741,-0.0917943919523763,2019-06-02
148,0.6480874203624206,-0.3321504194982961,-0.18347518310945302,-0.15221105143189084,-0.1366800643564471,-0.1134210632337788,2019-06-07
149,0.17315092290047346,-0.12301888670130387,-0.0644270086051035,-0.04488409405006769,-0.03319469553960199,-0.013719810871765176,2019-06-10
150,0.07760929415054647,-0.271399343483594,-0.1347820748656896,-0.11518634066177309,-0.10351617454366462,-0.08790892089202086,2019-06-12
151,0.09192646521234038,-0.09861359857693729,-0.04003330250541073,-0.02440517999228806,-0.014631861970591712,0.002982066588785415,2019-06-15
152,0.06461537027264963,-0.2871802205998758,-0.15433246835559675,-0.12689825349149747,-0.11129650541271383,-0.08794769662236364,2019-06-17
153,0.062025281894839225,-0.22857188566771824,-0.11130348841317586,-0.09175267385064523,-0.08006102477410905,-0.06449687430630024,2019-06-22
154,0.08442331664940735,-0.06930229832032406,-0.024401772769528995,-0.010743057531431474,-0.002894641306661392,0.010712254079980875,2019-06-25
155,0.0757709258330824,-0.22952472544297778,-0.14548845100111754,-0.12987908594247402,-0.12010318317481661,-0.10257491186913015,2019-06-27
156,0.14116149845672862,-0.14261068928383555,-0.0800695704973352,-0.060535547005867794,-0.044920269748918495,-0.021519725503170082,2019-06-30
157,0.08549783183265412,-0.3398918426186742,-0.24604397577593584,-0.21478248100557168,-0.19136811698185882,-0.15235721214000725,2019-07-02
158,0.09251705245299988,-0.06345817489661283,-0.03219272160465558,-0.02245946296176193,-0.012703620620941495,0.002915550875299945,2019-07-05
159,0.09162177275049962,-0.3007868356373835,-0.16000581102126557,-0.1365936832283576,-0.12102608708390603,-0.09768490575795,2019-07-07
160,0.27865710309927383,-0.052705698009487545,-0.025312743164520177,-0.017546162362761995,-0.009784322346972634,0.005770239906483783,2019-07-10
161,0.2386759525913307,-0.3476945808901832,-0.1834344535722927,-0.15223302645844758,-0.12888343405271038,-0.09766824636681469,2019-07-12
162,0.09120256583811866,-0.10839857079067648,-0.05370680848373344,-0.0400248018458223,-0.02830943630029824,-0.010762351569277349,2019-07-20
163,0.11070560939425739,-0.30863164774094215,-0.18356395312650062,-0.15226668387155248,-0.1289487187738228,-0.08989502346466745,2019-07-22
164,0.1879699269180223,-0.13471416495639052,-0.08008161905713518,-0.06442913244089397,-0.04882236633408377,-0.021528981958955386,2019-07-25
165,0.09796437532403754,-0.400467268694253,-0.24414566303296223,-0.2128759314712357,-0.19336349956789453,-0.1543114781552611,2019-07-27
166,0.2715551939866073,-0.08402551080344565,-0.03707558174955895,-0.029231581388735387,-0.02145410210805897,-0.009816921141922763,2019-07-30
167,0.09586905653579694,-0.32614505153223683,-0.20114339655330754,-0.177681917315597,-0.16209163770301926,-0.13087346187013732,2019-08-01
168,0.11594936502570069,-0.10252417322219713,-0.04005565624940147,-0.02441591254822888,-0.012697170687082234,0.006844902107851443,2019-08-04
169,0.09520920000737378,-0.3417264437844817,-0.22065634116265295,-0.18556117539801814,-0.15430182994401193,-0.10348766217037929,2019-08-06
170,0.05612494460244157,-0.11818446132334612,-0.0634738380526473,-0.049781355810820715,-0.04003951444867437,-0.02440400551772144,2019-08-09
171,0.08793688425875865,-0.35352106480317896,-0.18941688504327162,-0.15818574477519262,-0.14646936627556786,-0.11916733334065166,2019-08-11
172,0.08127723713008182,-0.131820812538299,-0.06738639865394161,-0.05370250072098041,-0.04200179606169258,-0.022472838708403983,2019-08-14
173,0.07710843687134328,-0.43161543697014054,-0.28329161747443127,-0.24808646669152723,-0.22070363161515275,-0.18950646832052204,2019-08-16
174,0.2788732623455662,-0.19332253711314926,-0.11915707457327128,-0.08791111033317961,-0.06058881697985553,-0.013702591505986385,2019-08-19
175,0.1026877957125734,-0.3925409739717416,-0.2519421856407157,-0.22066254526992243,-0.19718493197888579,-0.15040472796871748,2019-08-21
176,0.09373132628782718,-0.14745789806047274,-0.07910602137957083,-0.06148631984406543,-0.04785887738365917,-0.024436639527541618,2019-08-24
177,0.05999995103904204,-0.3731599636797643,-0.23625536573528053,-0.208962401092397,-0.19332783606651366,-0.16213227140698713,2019-08-26
178,0.11311477442176622,-0.1689270559932765,-0.10057399589599053,-0.08302346374365108,-0.06736656805740084,-0.040037410111464236,2019-08-29
179,0.6721889333774581,-0.3867125622932832,-0.2773037462777884,-0.2539163180805017,-0.23052735637708496,-0.1758813193045361,2019-08-31
180,0.1315789363119599,-0.19335604833862985,-0.1308342596709099,-0.11133821303110733,-0.09570334588562178,-0.06445688863010186,2019-09-03
181,0.0820265345825802,-0.3965033544894883,-0.24027073685542816,-0.2128634707419399,-0.1933587262868269,-0.15427767068279138,2019-09-05
182,0.0956749769610567,-0.24806100225745906,-0.17383193949150352,-0.154294708124637,-0.1347673663672448,-0.0957228884258712,2019-09-08
183,0.23636364164149742,-0.6133040685467321,-0.40222607715425784,-0.3632946845033536,-0.33988051240853434,-0.2929534696565717,2019-09-10
184,0.1879561908580422,-0.19338541410075785,-0.150398565260297,-0.13083244636809738,-0.10744883625809808,-0.04886823947861588,2019-09-13
185,0.22818793351619573,-0.3144868158327036,-0.24411200069476696,-0.22457705198908476,-0.205061853522585,-0.15039854026865185,2019-09-15
186,0.1223628966117724,-0.5507294669656894,-0.3710899550496307,-0.32415399443877213,-0.2928692422600663,-0.23829742944641813,2019-09-18
187,0.1281571661308731,-0.47465222432212295,-0.2871188271633175,-0.24806748605283832,-0.228503811733022,-0.1856489808711046,2019-09-20
188,0.2723279878600261,-0.5976196220527381,-0.3085960866050823,-0.253914878565596,-0.22263632417375814,-0.18366071308092544,2019-09-25
189,0.14465410168068266,-0.42582251503452556,-0.20702292203530967,-0.16007667514062035,-0.12887287622929763,-0.08993369089836571,2019-09-28
190,0.20273973148006474,-0.9800714445774702,-0.9724644203897518,-0.9648163076286261,-0.957425456741773,-0.9413328174696081,2019-09-30
191,0.1343283595920734,-0.6758347177075875,-0.4491572719784143,-0.3632459015590038,-0.30073727138176737,-0.23051880238742925,2019-10-03
192,0.12974911091073166,-0.7226518817663921,-0.3788605369511829,-0.3085367377152017,-0.2694511295495603,-0.19929209253683902,2019-10-05
193,0.17922081440652,-0.4335919826102963,-0.253894330260173,-0.2147651690091472,-0.17575315031792074,-0.12118763065502204,2019-10-13
194,0.27272726791672175,-0.8788211453027932,-0.574102188959283,-0.48825739272327534,-0.4414612363650636,-0.3711642168515649,2019-10-15
195,0.05457597343464462,-0.3105335697884284,-0.2284653170245173,-0.2089927350570764,-0.1933288877306505,-0.16601622910271605,2019-10-20
196,0.1575630278407532,-0.8007638113685507,-0.6052348370769475,-0.5508806353845148,-0.5194586460684707,-0.4570658878445545,2019-10-25
197,0.16384181712502807,-0.7148105504866414,-0.5117294724888924,-0.4335870665471573,-0.37105885727969334,-0.2618608064181883,2019-10-28
198,0.09923664837220696,-0.7930783979458836,-0.5194671131028218,-0.46476013131297744,-0.4333649293975418,-0.37124082290151966,2019-10-30
199,0.2200772156344829,-0.9412888266132653,-0.6446509619666597,-0.5506830686084794,-0.47269575520334345,-0.3476581806336111,2019-11-04
200,0.8077709507591275,-0.5428958087255771,-0.386660069427887,-0.32412200193326723,-0.2616152465843096,-0.03498796157360727,2019-11-09
201,0.09649125315196189,-0.4981679876289218,-0.349601839624808,-0.31057282560137633,-0.2792852457095801,-0.23245857992769797,2019-11-14
202,0.08456661051428148,-0.6756486488662689,-0.5117141700811563,-0.47262239497551095,-0.4412497528282981,-0.3867000760538589,2019-11-19
203,0.8000000014551905,-0.9802202753479724,-0.972789636906583,-0.964877303562029,-0.9575734305751213,-0.9257122017521154,2019-11-29
204,0.11249998472048894,-0.9882323866084854,-0.9572502277108825,-0.8944828299565469,-0.855458367411294,-0.7461284934893322,2019-12-04
205,0.13840157743168305,-0.98827256008957,-0.9799845616887449,-0.9732646055545157,-0.9732646055545157,-0.9333828843315259,2019-12-09
206,0.0944026532781122,-0.8476444410390874,-0.6756716873750829,-0.6211201296728183,-0.5742457533997656,-0.4727592446344129,2019-12-12
207,0.05989306623864998,-0.7461424517636311,-0.6289831885644429,-0.5819891700146708,-0.5351458001006214,-0.4415089905358688,2019-12-17
208,0.08269231175651125,-0.8788649686032992,-0.7537980009787006,-0.6992879968405463,-0.6523791136682505,-0.5430024446370773,2019-12-19
209,0.714285732104386,-0.5429353092172685,-0.4492022591334542,-0.3945379829064106,-0.32417778303299843,-0.09744899262974721,2019-12-27
210,0.07907428069391727,-0.8241481158149664,-0.7460436065156746,-0.7150132534702974,-0.6913202652766611,-0.6212218382061114,2020-01-23
211,0.034177180748397665,-0.4121405022479885,-0.2988320505783404,-0.275413206086705,-0.2597546192356005,-0.23249837630046002,2020-01-26
212,0.43413516257456586,-0.30862867174677944,-0.23049709743953486,-0.19146249596757783,-0.13659247551252793,-0.03507341783317727,2020-01-28
213,0.18584071155530785,-0.9804063044154855,-0.9575052862323538,-0.9023348177722244,-0.847675424961981,-0.7381578342089471,2020-01-31
214,0.9879491105855763,-0.13683464556127023,3.3490811535039296e-05,3.3490811535039296e-05,3.3490811535039296e-05,3.3490811535039296e-05,2020-02-05
215,0.14173229231835835,-0.792930093419015,-0.644455502738539,-0.5973700351637479,-0.5586584964059844,-0.49651405012092614,2020-02-12
216,0.5048355908478976,-0.46475525332881307,-0.36327437700031284,-0.33206919698946386,-0.29307933980205086,-0.1211490214715307,2020-02-20
217,0.05382866646805973,-0.5175293578646868,-0.47069136184337673,-0.45115736645124804,-0.43164307164383453,-0.38087877448285246,2020-02-25
218,0.07981928302298782,-0.5605436968455476,-0.43947190382416434,-0.3964409254548977,-0.36522201484907474,-0.29880546342285796,2020-03-01
219,0.19011407131348076,-0.7460163564517023,-0.550780878469685,-0.4258193366682803,-0.3395757269781798,-0.22267021941849152,2020-03-06
220,0.11375661466913825,-0.44925618532871653,-0.26953845310815794,-0.22259294731786192,-0.19133645198844287,-0.13672358502441928,2020-03-13
221,0.13734224349758486,-0.5273867766983824,-0.42581472978340884,-0.3632198439284746,-0.31638113259902345,-0.24623344524558013,2020-03-18
222,0.12048191790958268,-0.29875092479847004,-0.19717479314826689,-0.16994472885290518,-0.14646897318125698,-0.10352282372157287,2020-03-21
223,0.012914102836504262,-0.19627754939676045,-0.11817254912947889,-0.10052289157331148,-0.09079797501310251,-0.07519697589283118,2020-03-23
224,0.16284983189035188,-0.9811800523315134,-0.6992841960123136,-0.5584378326197171,-0.48040749589933146,-0.3790122279646283,2020-03-28
225,0.17004046125277664,-0.16989044083387056,-0.1035200310983906,-0.08786505580159061,-0.06834849878974122,-0.03710651414423969,2020-04-10
226,0.07241170794329997,-0.5664574633489735,-0.35541155280905523,-0.30849630513244514,-0.2850750063227291,-0.24615046519383513,2020-04-12
227,0.042735050899168084,-0.13177612772029101,-0.08689454334851691,-0.07324242531553765,-0.06153360140514986,-0.03809799644861473,2020-04-15
228,0.12200958558195013,-0.5665141723840644,-0.371162544098169,-0.30079675350726515,-0.2538996011135817,-0.19140615943227995,2020-04-17
229,0.09018264383851886,-0.13769356620018236,-0.07324246159077832,-0.05174036834334805,-0.03613139975801963,-0.010747852851654385,2020-04-25
230,0.12166171975616909,-0.9885993397526696,-0.9650426982595021,-0.839846541364795,-0.7381564210779714,-0.6057922595466615,2020-04-27
231,0.09937888881413887,-0.3222948947850979,-0.20903417300558583,-0.158176850553139,-0.11912543715089635,-0.07618683258403436,2020-05-02
232,0.2277602520693575,-0.1210852122603866,-0.058503578562393695,-0.042897334132420285,-0.02731667455317405,-0.004230996387840898,2020-05-05
233,0.06713290976174557,-0.39639126429702254,-0.22456004827217296,-0.20117129926669652,-0.1816402008565642,-0.1543220962625593,2020-05-07
234,0.0050647177479372545,-0.21389113591277006,-0.1299202190422864,-0.09665431374032928,-0.08494464396431042,-0.07129857502083016,2020-05-12
235,0.08292201912055777,-0.05371964316070337,-0.032206514731457976,-0.0243866057362267,-0.018553778519743776,-0.00880470577839827,2020-05-15
236,0.07539118728767696,-0.29885935971527217,-0.13864254431331832,-0.11129535856064499,-0.09568088585411806,-0.06844589409996465,2020-06-11
237,0.05579397769238569,-0.2988010267860488,-0.15423645734018368,-0.13081709153038934,-0.11912231676059612,-0.0957276119700473,2020-06-16
238,0.08365759001622214,-0.06739944208868753,-0.030246325141957766,-0.0205105986293547,-0.012717112455778343,0.0008063246535181187,2020-06-19
239,0.056977713013305994,-0.3027808078182713,-0.13868281911778288,-0.11130438260129812,-0.09958724847213438,-0.07618404284324795,2020-06-21
240,0.2021357876565193,-0.26163378423402034,-0.14451164865194918,-0.11312798602161758,-0.09757160919911692,-0.06661143752754471,2020-06-26
241,0.1126468586946139,-0.10062181892229936,-0.043966655199726534,-0.02633880029425474,-0.016604565582306014,-0.0011723289745900244,2020-06-29
242,0.08748615186263281,-0.35745142346549985,-0.16210100418756432,-0.13085320330498584,-0.11523792353466412,-0.08790359018709716,2020-07-01
243,0.24511278330272282,-0.1659977159235637,-0.10738686127788337,-0.09181625621956568,-0.07229367145529207,-0.009760469449547643,2020-07-06
244,0.14503817445129735,-0.10251358763735831,-0.04783616905883226,-0.03222608955457722,-0.020509294757066265,0.0030025772060445484,2020-07-09
245,0.09799786257054842,-0.32615265318350123,-0.165999534628218,-0.13863737767641107,-0.12304610493562373,-0.0957103980880584,2020-07-11
246,0.1280524027411924,-0.1142661829088878,-0.06541950285586995,-0.05174301468763642,-0.04003054760911569,-0.01855643995436575,2020-07-14
247,0.10073935651496813,-0.36321476701415045,-0.20684338462600543,-0.17572414520095378,-0.16013320533882563,-0.13679781526267715,2020-07-16
248,0.11424256316176398,-0.345706627044395,-0.1659916314686597,-0.1347165075354668,-0.11911935598863882,-0.0957462704045884,2020-07-21
249,0.09315374711938063,-0.12598884931231966,-0.05957761323229331,-0.04590520706142017,-0.03612950746994561,-0.01661645575172092,2020-07-24
250,0.0614793496351703,-0.39252196882425366,-0.22853883054558208,-0.1971973110983041,-0.1777078783310531,-0.1503623329312196,2020-07-26
251,0.10704483760136974,-0.10838743196142989,-0.04590540979942842,-0.03221889746075726,-0.02246121301595502,-0.002997927236702824,2020-07-29
252,0.24409451051592712,-0.527347612761067,-0.2694185086949977,-0.2148415392574975,-0.1757063765275832,-0.12892185819883706,2020-07-31
253,0.10936551936129033,-0.1318916248033884,-0.059571016283303566,-0.03999922866041047,-0.026366507058048494,-0.0029265900439594964,2020-08-03
254,0.11840968933525703,-0.37701069601265386,-0.2127802743448724,-0.17373939194521107,-0.15429174655106198,-0.12301842529693338,2020-08-05
255,0.11358141810079839,-0.12013278279059658,-0.04591342805120488,-0.030238046381446792,-0.020514003354816245,-0.002947433167098074,2020-08-08
256,0.1532566977348983,-0.12795659647232657,-0.0478408741934913,-0.03416019562241337,-0.02828392239012899,-0.018565508995721673,2020-08-10
257,0.09145610258597911,-0.1337824519620745,-0.06541699694172667,-0.049801732504128296,-0.038073132084620036,-0.016611553116479286,2020-08-13
258,0.1138121455082733,-0.43346730702123915,-0.21483814735393728,-0.17570798549640748,-0.14456421518171797,-0.09766078238322828,2020-08-15
259,0.16740087527366626,-0.1347350579232441,-0.06441963392390673,-0.04493879598001281,-0.029268533870049473,0.0017645813909843602,2020-08-18
260,0.14398421201854622,-0.2831602861613283,-0.17382976346295653,-0.15824022089915163,-0.13482284413567747,-0.02921656651481731,2020-08-20
261,0.0919540082231858,-0.16992899085841415,-0.08393279452648889,-0.06441983382936398,-0.048803366777157575,-0.025394620888517416,2020-08-23
262,0.10344826273734035,-0.5118284746409284,-0.2614832244176503,-0.21471917733859291,-0.1913154255782763,-0.15236096905104848,2020-08-25
263,0.11470111811971881,-0.16893415833321077,-0.07128226208469579,-0.047845400131114574,-0.03419597754857103,-0.0068466076966878075,2020-08-28
264,0.1647254557142635,-0.9179759039330541,-0.519377566266415,-0.42554274509245654,-0.37884408392543123,-0.33203082595563954,2020-08-30
265,0.08267717257209532,-0.2832275713387454,-0.14256304481853738,-0.11522376261757199,-0.09570356081050642,-0.06445458906027207,2020-09-02
266,0.16129032258064535,-0.4276859457455533,-0.23624881171485884,-0.20504064049996656,-0.18164791999631644,-0.1425960506264403,2020-09-04
267,0.12047012360958381,-0.2148438254246418,-0.13662088810799616,-0.11321705657044799,-0.09768292864980241,-0.05082501406994324,2020-09-07
268,0.27069350820251403,-0.3144356748762089,-0.18158192694618094,-0.15426829241787435,-0.1308682419027839,-0.09962079652025668,2020-09-09
269,0.09862385977596747,-0.22076522117855982,-0.11910754861860874,-0.09961805187456925,-0.08396490804215959,-0.0527464063793149,2020-09-12
270,0.15669255479699606,-0.3846593122443213,-0.22460188585215263,-0.18944433750480508,-0.16599468760632904,-0.1269073819288202,2020-09-14
271,0.055456177457635286,-0.3573329006271659,-0.21676616139776667,-0.18946051407630132,-0.17383431554686304,-0.14254193271729385,2020-09-17
272,0.2740411260440236,-0.24805154497900334,-0.1737661302240617,-0.15817215761058126,-0.1386953035009048,-0.09572295644827263,2020-09-22
273,0.06027819109115538,-0.5254546530299472,-0.3419058872479229,-0.31060253513477293,-0.28705371659144346,-0.24806819278266304,2020-09-24
274,0.06924643406818289,-0.255831590042316,-0.13474146293489953,-0.10348612435395217,-0.08787345858715893,-0.06053433904159752,2020-09-27
275,0.047951176417113224,-0.9179583823093405,-0.6290350775879382,-0.5507852675921079,-0.5041773359083312,-0.4179531196896514,2020-10-02
276,0.346007598458854,-0.4726672115679418,-0.26945076077650815,-0.2303727443033036,-0.20684618294629836,-0.16018127031680396,2020-10-04
277,0.2814371411096984,-0.9811010144296631,-0.730474188371991,-0.6289573335062624,-0.5585311855567957,-0.44925208602342614,2020-10-12
278,0.9000000040017764,-0.9889552160968129,-0.9646294086835943,-0.9570429011344858,-0.9492375145375866,-0.9183448031516794,2020-10-14
279,0.09528051833748413,-0.7540454685023018,-0.6053983185742475,-0.550858456433979,-0.49618921262882704,-0.4101751113514848,2020-10-24
280,0.818181830208195,-0.746231671013005,-0.6133278473035251,-0.5586027478036811,-0.48840546463647994,-0.1835897488196559,2020-10-29
281,0.1577503324208416,-0.5976937485517261,-0.5429022803401304,-0.5195356395718844,-0.511703374307615,-0.48060539434917576,2020-11-13
282,0.2618025746498316,-0.3223125118366107,-0.2558132721251047,-0.22070663281703154,-0.18163942427978477,-0.08787688843767744,2020-11-18
283,0.08151897232839263,-0.6523915453399772,-0.5585369533880479,-0.5273322858177206,-0.49628290340458886,-0.43381397485762097,2020-11-28
284,0.08927131113012489,-0.9179932584534478,-0.8007927303271135,-0.754048352677526,-0.6993744372609418,-0.5820743474960909,2020-12-06
285,0.10669973886300735,-0.8867498820093044,-0.8086681181370775,-0.777249305414631,-0.7383519691218711,-0.6599337201645757,2020-12-08
286,0.17445484456796595,-0.5214588167405332,-0.4667945410799712,-0.4433639167120831,-0.41996111145572085,-0.3457120042442962,2020-12-23
287,0.039215662684458835,-0.9805841481674736,-0.9023269222696155,-0.8632689731145317,-0.8243051779244212,-0.7068395956398212,2020-12-31
288,0.327751190895302,-0.8399483697749826,-0.7304050070610204,-0.6836063526311498,-0.6367263070171636,-0.5350643743224752,2021-01-05
289,0.1214622537382166,-0.7538818794240938,-0.6912792963160186,-0.6601442673998829,-0.6289531261219286,-0.5663808344858005,2021-01-20
290,0.5906313883202474,-0.5508827399771574,-0.3711216615081906,-0.3164044263271569,-0.27736745422867115,-0.20712089572462855,2021-01-25
291,0.05107833832942263,-0.9875467739774211,-0.9811289559541417,-0.9811289559541417,-0.9811289559541417,-0.9568138739851868,2021-02-04
292,0.09299893383514582,-0.9883643900683301,-0.9807158847250473,-0.9492918413429773,-0.8866154890857475,-0.7851049866754788,2021-02-06
293,0.034495963503612746,-0.8789032849214135,-0.7930559444030248,-0.7538141695185842,-0.7225783965891349,-0.6600300604152111,2021-02-09
294,0.09079602641267841,-0.816385144279786,-0.7773316375239386,-0.7539506200853602,-0.7383140177646145,-0.6992572356027074,2021-02-19
295,0.1348314804269902,-0.5585853648788063,-0.4414515447478218,-0.3789601969856775,-0.33205695466721125,-0.2617029917357365,2021-02-24
296,0.12979684722719415,-0.48630993563491276,-0.431641222688264,-0.40041983995673713,-0.3691512280772854,-0.2832728150933379,2021-02-26
297,0.051053855832487186,-0.3809925051140897,-0.24021064240777062,-0.20506215524412225,-0.18165497801039657,-0.13870003182075705,2021-03-06
298,0.11201629173377815,-0.746064032670683,-0.581981347624982,-0.5508050503485726,-0.519448286018093,-0.47269111179764567,2021-03-13
299,0.2939758959356772,-0.7305293312353504,-0.5194807266861718,-0.4491110073140411,-0.3866702422180515,-0.2851846053395765,2021-03-18
300,0.03517586528639361,-0.24120629051967943,-0.2040908470052462,-0.18258961903362014,-0.16311395936566092,-0.1240060072064073,2021-03-21
301,0.2297593140509754,-0.7617183384192457,-0.5586792852671227,-0.48039629488156343,-0.4178980725402426,-0.32423242899616356,2021-04-02
302,0.28421051135271147,-0.8945720492851703,-0.6052236198787672,-0.5117486927104349,-0.4491768364959832,-0.3475881043258768,2021-04-07
303,0.17361544962028222,-0.29102376631760923,-0.1972903167958188,-0.15428169045881107,-0.1269383236964458,-0.08011991041408875,2021-04-10
304,0.15271967619590207,-0.6446654530003612,-0.4178754224366636,-0.3632550022525543,-0.32423401740778435,-0.2618084671155794,2021-04-12
305,0.22114219482878997,-0.16023202776598264,-0.0820504079201056,-0.058508499052088714,-0.04286453330906987,-0.01183201761368726,2021-04-20
306,0.22960150917372113,-0.9806950129481701,-0.9491205323370089,-0.9410161484374473,-0.9333006413684144,-0.8888218471586239,2021-04-22
307,0.2105711857538299,-0.1600576039756352,-0.0821187153450889,-0.042819790046669554,-0.027196995563837326,0.0036057349658468216,2021-04-30
308,0.016751596773925712,-0.3115041204051295,-0.18651763415942005,-0.1513269845882497,-0.13964733045681574,-0.12203410194182046,2021-05-07
309,0.1302521113630117,-0.1474569576010313,-0.08104593442367439,-0.061544286868249226,-0.04588672139268625,-0.014672242918236189,2021-05-10
310,0.09735506482256745,-0.4081950266487125,-0.22846161527385245,-0.19719038492626745,-0.1738125890807411,-0.1386515426642424,2021-05-12
311,0.0624169663472217,-0.4355909680843432,-0.20508713610754703,-0.1621031195788912,-0.13866952531076585,-0.10351506124531891,2021-05-17
312,0.17635564901802261,-0.05954255270261652,-0.028297139589313392,-0.01854099834775286,-0.010739787196114353,0.004862726221801072,2021-05-20
313,0.21665089850335664,-0.44922146453352546,-0.2382115216493583,-0.19915239949964897,-0.17563830970532934,-0.12897296056338886,2021-05-22
314,0.1176968734720118,-0.3164404248947087,-0.15223132909254725,-0.12100137878425504,-0.1053830168479095,-0.07430351243029712,2021-06-01
315,0.07202214122668334,-0.08886580546648856,-0.04592657500008799,-0.030254036742497124,-0.01658518755072455,0.0007722579508553502,2021-06-04
316,0.06317044682261137,-0.3418522291582617,-0.1737908942477987,-0.14254950492567753,-0.126953312092568,-0.09961657515979798,2021-06-06
317,0.08096590428035873,-0.318350394769202,-0.16205677331474236,-0.1347144804531468,-0.11911490679461773,-0.09182692263797393,2021-06-11
318,0.09899571623677693,-0.3554920535083661,-0.17569636844174183,-0.1444623774280771,-0.12104290053466987,-0.08211545604283596,2021-06-16
319,0.08208955431348304,-0.5039757605094511,-0.30062927552807633,-0.2694960863605353,-0.24607496162488868,-0.20708209696383786,2021-06-21
320,0.044925111590577785,-0.20213536931872522,-0.11224682494823314,-0.098611761067829,-0.09081004236746901,-0.07712791356323973,2021-06-26
321,0.07716536744971679,-0.1064069039985482,-0.051746097192408476,-0.03221909649742541,-0.018534261214021054,0.0008225320845653636,2021-06-29
322,0.02638298152959846,-0.15917759729782044,-0.08692716548323594,-0.07324119007481884,-0.0654164021624991,-0.0556727186890695,2021-07-01
323,0.06762586550018812,-0.4491109102097696,-0.2537350585655858,-0.2225468622038067,-0.2068508953230202,-0.1836242313897443,2021-07-06
324,0.22207506000924454,-0.13868201835551144,-0.07226087898201337,-0.05660508370330192,-0.04490798665188166,-0.025421843218646753,2021-07-09
325,0.10067113982094174,-0.28710770513032396,-0.15037719883053557,-0.1269390000139191,-0.11130616313387866,-0.08400382481612266,2021-07-11
326,0.14086296444040222,-0.10446297965691555,-0.051739791805745866,-0.03420006663047901,-0.022474779268660143,-0.002991487774214651,2021-07-14
327,0.05867817771406614,-0.32994097392762395,-0.1659929506248957,-0.13474481716920836,-0.1191401021761132,-0.09181609893743703,2021-07-16
328,0.08778878868117633,-0.4181255684734746,-0.20698188121665645,-0.1600220015473689,-0.1366710961348528,-0.10551342366050188,2021-07-21
329,0.14944490311572992,-0.13863362021312736,-0.08785040620530392,-0.06838072183410522,-0.0527526684700899,-0.021487758134289065,2021-07-24
330,0.13112162387971066,-0.3027248955889905,-0.1894104583685721,-0.1698868746987065,-0.15038762193718622,-0.10743881652360089,2021-07-26
331,0.1619937776049364,-0.10057482220127556,-0.05178901120382406,-0.0341893415289097,-0.020489048178572816,0.006875953781888782,2021-07-29
332,0.04812833189724196,-0.3144283666250665,-0.1659783921604859,-0.13476003057383876,-0.1230707575017032,-0.0995877150412209,2021-07-31
333,0.07484219079049123,-0.09473110534578726,-0.038063661550066054,-0.024382871790574082,-0.014638102876997561,0.0008746278331598849,2021-08-03
334,0.05781989651108023,-0.23533986855859287,-0.1298955058283975,-0.11224577471929759,-0.10250177193319557,-0.08494475341054901,2021-08-05
335,0.12546127388802364,-0.10453052078670431,-0.05178823112134814,-0.0360848293125187,-0.02439813795689465,-0.0012048338596730667,2021-08-08
336,0.09709962417785811,-0.5040711939155343,-0.30061471269396844,-0.2615865695245292,-0.23817141266205863,-0.1993238498929129,2021-08-10
337,0.19311377859121978,-0.13471498214362787,-0.06448989942266505,-0.04100583972013213,-0.021473584749104817,0.013639644505141749,2021-08-13
338,0.2108559472977959,-0.3222743927577386,-0.20116016297874825,-0.17770980432701783,-0.15819819222492765,-0.10741658407113236,2021-08-15
339,0.07879772926151134,-0.11623461145361216,-0.05566574199514881,-0.04197685119725737,-0.03220149957739392,-0.018565922666914102,2021-08-18
340,0.07860264850243322,-0.3691267992532367,-0.20108152247156635,-0.1660016364739477,-0.14648152192729777,-0.11913928059409638,2021-08-20
341,0.1151832501579347,-0.15526336050398398,-0.07713633948621876,-0.05956758533358808,-0.04590824688287863,-0.02247536757901211,2021-08-23
342,0.12592590712061918,-0.5274024480707727,-0.28500822670166726,-0.23822553284601214,-0.2147905313285628,-0.17583111012616912,2021-08-25
343,0.09243700061830135,-0.15429462673740846,-0.05661316351328779,-0.03706243167571809,-0.02537058806624479,-0.009721317610910694,2021-08-28
344,0.11251316778472382,-0.48031183251306914,-0.23817369288062124,-0.1991374020503789,-0.17566328835384282,-0.13674439975973987,2021-08-30
345,0.16110018143774196,-0.18555160823886982,-0.07618139931644353,-0.05273733139212639,-0.040994372831416465,-0.0136569399267956,2021-09-02
346,0.10128911051685363,-0.44922702145760746,-0.27725658030240424,-0.23036554093290895,-0.1992445086866817,-0.14460360745087908,2021-09-04
347,0.3466606082605033,-0.3300982197116016,-0.22847558163486653,-0.2089709679659831,-0.1933532422061634,-0.15820272895239795,2021-09-09
348,0.7625163846861139,-0.22263930908405932,-0.12108438898767462,-0.0975848357952733,-0.07417514918913824,-0.043042096895077764,2021-09-12
349,0.05220882032027621,-0.32228450480634924,-0.1581657320593334,-0.12690387706135078,-0.10736573511041589,-0.07614933136028347,2021-09-17
350,0.290584416124375,-0.29492233412964397,-0.15417079992024305,-0.1308004291369448,-0.1190794754928729,-0.09568408144156268,2021-09-19
351,0.11036789422667215,-0.5273300729128998,-0.26941981089383693,-0.20694698971065367,-0.1679661647459108,-0.11331778907253238,2021-09-22
352,0.25806449311247487,-0.8083963936524267,-0.6446328633293746,-0.5820201177056434,-0.5274027945587264,-0.3945549777354396,2021-09-24
353,0.11616160760952633,-0.3319663878459234,-0.17569888077101797,-0.14448818296315355,-0.12891691501650274,-0.08991956584651731,2021-09-27
354,0.06040270591990666,-0.3262533666757483,-0.20500982644018378,-0.1855203052863157,-0.1738172312240325,-0.14651750469221442,2021-09-29
355,0.1252408473692973,-0.988450888436145,-0.9571689359505301,-0.8710188528930348,-0.8007751040437446,-0.6602054927282118,2021-10-07
356,0.07535640064427028,-0.9893207118808489,-0.6678365850211269,-0.5663117204150129,-0.5116614852675895,-0.425658201211767,2021-10-09
357,0.14423742845655896,-0.4238310181050846,-0.35352991869165934,-0.3262212875979235,-0.2988799256273211,-0.22071868552885876,2021-10-19
358,0.9534883716208131,-0.9806417978138589,-0.8399417986887779,-0.7225048736916257,-0.6212130666791486,-0.35570608022496125,2021-10-22
359,0.22184301677817328,-0.7149645989550784,-0.4803983319357197,-0.4413047638386106,-0.4100870475491171,-0.34760618172858865,2021-10-24
360,0.12406329965983239,-0.9884646697786663,-0.9800478639947833,-0.973477943317303,-0.9492259399064628,-0.8167715048249906,2021-11-03
361,0.0419752832048461,-0.7147332067240714,-0.4802756110828199,-0.3867077943241035,-0.31638662038415843,-0.2226560177581307,2021-11-06
362,0.15254239027175148,-0.9878991501495071,-0.9727418337549683,-0.9650147919224402,-0.957304170305126,-0.8567396634636292,2021-12-01
363,0.16000001117587107,-0.9885946799561347,-0.9723388557901306,-0.9651185176228521,-0.9576337310460448,-0.8164247714664994,2021-12-26
